{"stats":{"minecraft:broken":{"spartanweaponry:stone_saber":1,"spartanshields:wooden_basic_shield":1},"minecraft:dropped":{"minecraft:iron_ingot":5,"spartanweaponry:handle":2,"minecraft:wheat_seeds":2,"minecraft:crafting_table":3,"minecraft:cobblestone":12,"minecraft:feather":4,"biomemakeover:crude_fragment":3,"minecraft:coal":8,"minecraft:red_mushroom":3,"spartanshields:wooden_basic_shield":1,"minecraft:stick":5,"minecraft:dirt":6,"spartanweaponry:stone_parrying_dagger":1,"spartanweaponry:iron_battleaxe":1,"tombstone:grave_key":2,"minecraft:rose_bush":1,"minecraft:cooked_salmon":1,"tombstone:grave_dust":3,"minecraft:chain":1,"alexsmobs:cooked_catfish":1,"minecraft:wooden_sword":3,"minecraft:iron_axe":1,"minecraft:string":2,"minecraft:birch_log":10,"minecraft:bone":5,"alexsmobs:animal_dictionary":3,"minecraft:wheat":1,"minecraft:rotten_flesh":22,"minecraft:iron_boots":1,"minecraft:cooked_mutton":7,"minecraft:lily_of_the_valley":1,"spartanweaponry:wooden_tomahawk":2,"minecraft:leather_chestplate":1,"minecraft:gunpowder":2,"minecraft:allium":6,"goblins_tyranny:coin":15,"minecraft:beetroot_seeds":2,"minecraft:oak_sapling":1,"minecraft:spider_eye":1,"minecraft:bow":1,"minecraft:black_wool":1},"minecraft:killed_by":{"minecraft:creeper":1,"minecraft:vindicator":1,"enemyexpansion:sprinter":1,"minecraft:skeleton":2,"enemyexpansion:wasp":1,"minecraft:zombie":5,"minecraft:vex":2},"minecraft:killed":{"minecraft:evoker":1,"minecraft:vex":1,"minecraft:cave_spider":1,"minecraft:spider":1,"minecraft:vindicator":1,"enemyexpansion:equestrian":1,"enemyexpansion:direwolf":4,"minecraft:horse":1,"minecraft:skeleton":9,"alexsmobs:blue_jay":1,"minecraft:chicken":4,"enemyexpansion:goblin":1,"minecraft:pig":3,"minecraft:salmon":4,"minecraft:creeper":4,"minecraft:squid":2,"minecraft:sheep":14,"alexsmobs:catfish":3,"minecraft:pillager":4,"enemyexpansion:meature":3,"minecraft:zombie":9,"alexsmobs:terrapin":1,"enemyexpansion:botfly":2,"minecraft:cow":16},"minecraft:mined":{"biomemakeover:ancient_oak_log":3,"goblins_tyranny:coins_4":1,"biomemakeover:ancient_oak_planks":4,"goblins_tyranny:coins_1":2,"minecraft:dark_oak_fence":7,"minecraft:grass_block":9,"minecraft:hay_block":7,"farmersdelight:wild_onions":2,"goblins_tyranny:coin_barrel":1,"minecraft:oak_stairs":1,"minecraft:stone":35,"minecraft:crafting_table":4,"minecraft:blast_furnace":4,"minecraft:chest":1,"minecraft:white_stained_glass_pane":1,"minecraft:copper_ore":2,"minecraft:cobblestone":5,"minecraft:sugar_cane":1,"farmersdelight:wild_beetroots":1,"farmersdelight:sandy_shrub":1,"minecraft:cobblestone_wall":2,"minecraft:birch_log":13,"minecraft:birch_leaves":4,"minecraft:grass":3,"minecraft:oak_log":25,"goblins_tyranny:coins_2":1,"minecraft:dirt":5,"minecraft:oak_leaves":12},"minecraft:crafted":{"minecraft:wooden_sword":5,"minecraft:oak_planks":72,"minecraft:iron_nugget":9,"irons_spellbooks:iron_spell_book":1,"minecraft:chain":4,"minecraft:furnace":1,"minecraft:cooked_mutton":20,"minecraft:flint_and_steel":1,"minecraft:iron_boots":1,"minecraft:stone_pickaxe":1,"alexsmobs:cooked_catfish":3,"minecraft:oak_fence":3,"minecraft:wheat":63,"minecraft:cooked_beef":23,"paraglider:paraglider":1,"minecraft:oak_slab":6,"minecraft:cooked_porkchop":8,"minecraft:crafting_table":7,"minecraft:wooden_pickaxe":1,"spartanweaponry:handle":8,"minecraft:cooked_salmon":1,"minecraft:birch_planks":12,"minecraft:stone_axe":1,"minecraft:bread":28,"minecraft:air":0,"spartanweaponry:stone_saber":1,"minecraft:paper":3,"minecraft:charcoal":7,"minecraft:shield":1,"spartanweaponry:stone_parrying_dagger":1,"minecraft:stick":40,"minecraft:iron_ingot":2,"minecraft:leather_chestplate":1,"minecraft:gold_ingot":2,"spartanshields:wooden_basic_shield":1,"irons_spellbooks:inscription_table":1,"minecraft:torch":20},"minecraft:used":{"irons_spellbooks:inscription_table":1,"minecraft:flint_and_steel":4,"minecraft:chest":1,"minecraft:shield":8,"minecraft:cooked_salmon":1,"minecraft:torch":12,"minecraft:dirt":4,"minecraft:iron_axe":11,"minecraft:iron_helmet":1,"minecraft:iron_boots":1,"biomemakeover:ancient_oak_planks":2,"minecraft:furnace":1,"tombstone:gift":3,"spartanweaponry:iron_battle_hammer":40,"minecraft:egg":2,"minecraft:cooked_beef":5,"minecraft:cooked_mutton":9,"alexsmobs:cooked_catfish":2,"spartanweaponry:stone_saber":105,"spartanshields:wooden_basic_shield":22,"minecraft:oak_planks":16,"minecraft:stone_pickaxe":21,"minecraft:wooden_pickaxe":14,"minecraft:leather_chestplate":1,"spartanweaponry:wooden_tomahawk":3,"minecraft:crafting_table":8,"minecraft:blast_furnace":4,"biomemakeover:cladded_leggings":1,"goblins_tyranny:coin":2,"spartanweaponry:iron_battleaxe":2,"minecraft:bread":30,"minecraft:string":1,"minecraft:iron_pickaxe":15,"minecraft:stone_axe":39,"minecraft:wooden_sword":73,"minecraft:cobblestone":4,"spartanweaponry:stone_parrying_dagger":48,"alexsmobs:animal_dictionary":1},"minecraft:custom":{"minecraft:mob_kills":95,"minecraft:interact_with_crafting_table":39,"minecraft:open_barrel":10,"minecraft:damage_dealt_resisted":0,"minecraft:leave_game":11,"minecraft:time_since_death":43905,"minecraft:climb_one_cm":8994,"minecraft:damage_resisted":0,"minecraft:sprint_one_cm":745066,"minecraft:walk_one_cm":574765,"minecraft:damage_blocked_by_shield":1004,"minecraft:drop":68,"minecraft:talked_to_villager":5,"minecraft:play_time":215207,"minecraft:deaths":13,"minecraft:sneak_time":706,"minecraft:walk_under_water_one_cm":15450,"minecraft:jump":2008,"minecraft:interact_with_blast_furnace":7,"minecraft:walk_on_water_one_cm":34282,"minecraft:total_world_time":215207,"minecraft:interact_with_furnace":37,"tombstone:raider_killed":6,"minecraft:interact_with_cartography_table":1,"minecraft:time_since_rest":43734,"minecraft:damage_taken":5533,"minecraft:damage_dealt":13409,"minecraft:swim_one_cm":46635,"minecraft:fly_one_cm":384778,"minecraft:open_chest":100,"minecraft:crouch_one_cm":957,"tombstone:undead_killed":22,"minecraft:fall_one_cm":41769},"minecraft:picked_up":{"irons_spellbooks:scroll":1,"minecraft:wheat":9,"minecraft:crafting_table":4,"minecraft:allium":6,"minecraft:chicken":2,"biomemakeover:ancient_oak_log":1,"tombstone:grave_key":1,"minecraft:string":4,"minecraft:iron_axe":1,"minecraft:cooked_salmon":1,"minecraft:wooden_sword":4,"minecraft:beetroot":3,"irons_spellbooks:arcane_essence":2,"minecraft:beef":28,"minecraft:rose_bush":1,"minecraft:sugar_cane":4,"minecraft:chest":1,"minecraft:egg":2,"minecraft:stick":7,"apotheosis:gem":2,"minecraft:bowl":1,"minecraft:porkchop":16,"tombstone:grave_dust":4,"minecraft:carrot":19,"minecraft:arrow":14,"minecraft:rotten_flesh":22,"minecraft:beetroot_seeds":8,"farmersdelight:onion":2,"minecraft:hay_block":7,"tombstone:essence_of_undeath":1,"minecraft:totem_of_undying":1,"minecraft:mutton":20,"alexsmobs:flying_fish":1,"minecraft:white_wool":11,"minecraft:cobblestone":35,"minecraft:birch_log":33,"minecraft:feather":13,"minecraft:repeater":1,"minecraft:salmon":2,"spartanweaponry:iron_battleaxe":1,"minecraft:brown_wool":1,"minecraft:leather":16,"minecraft:red_mushroom":7,"minecraft:potato":9,"minecraft:oak_log":24,"minecraft:gunpowder":5,"minecraft:dirt":10,"biomemakeover:crude_fragment":3,"minecraft:bone":10,"minecraft:bow":2,"minecraft:wheat_seeds":22,"minecraft:iron_ingot":5,"spartanshields:wooden_basic_shield":1,"biomemakeover:ancient_oak_planks":4,"minecraft:blast_furnace":4,"minecraft:ink_sac":6,"minecraft:lily_of_the_valley":2,"minecraft:spider_eye":1,"alexsmobs:animal_dictionary":3,"spartanweaponry:iron_battle_hammer":1,"alexsmobs:raw_catfish":3,"goblins_tyranny:coin":32,"knightquest:small_essence":5,"minecraft:emerald":3,"minecraft:oak_sapling":1,"minecraft:black_wool":3,"minecraft:dark_oak_fence":1,"minecraft:coal":8}},"DataVersion":3465}