{"stats":{"minecraft:broken":{"spartanweaponry:stone_saber":1,"spartanshields:wooden_basic_shield":1},"minecraft:dropped":{"farmersdelight:tomato_seeds":1,"minecraft:iron_ingot":5,"spartanweaponry:handle":2,"minecraft:oak_slab":3,"minecraft:wheat_seeds":23,"minecraft:lapis_lazuli":1,"minecraft:crafting_table":3,"minecraft:oak_fence":1,"minecraft:iron_helmet":1,"minecraft:feather":4,"minecraft:cobblestone":12,"biomemakeover:crude_fragment":3,"minecraft:coal":8,"minecraft:red_mushroom":3,"spartanshields:wooden_basic_shield":1,"minecraft:stick":5,"minecraft:dirt":75,"spartanweaponry:stone_parrying_dagger":1,"spartanweaponry:iron_battleaxe":1,"tombstone:grave_key":2,"minecraft:rose_bush":1,"minecraft:cooked_salmon":1,"tombstone:grave_dust":3,"minecraft:chain":1,"alexsmobs:cooked_catfish":1,"minecraft:gold_nugget":6,"minecraft:wooden_sword":3,"minecraft:iron_axe":2,"minecraft:string":47,"minecraft:birch_log":10,"minecraft:bone":21,"biomemakeover:cyan_tapestry":1,"alexsmobs:animal_dictionary":3,"minecraft:wheat":1,"farmersdelight:cabbage_seeds":2,"minecraft:beetroot":3,"minecraft:rotten_flesh":40,"minecraft:iron_boots":1,"minecraft:cooked_mutton":7,"minecraft:torchflower_seeds":1,"minecraft:carrot":22,"minecraft:chainmail_chestplate":1,"minecraft:lily_of_the_valley":1,"minecraft:leather_chestplate":1,"spartanweaponry:wooden_tomahawk":2,"minecraft:gunpowder":2,"minecraft:allium":6,"goblins_tyranny:coin":15,"minecraft:beetroot_seeds":2,"apotheosis:gem":2,"minecraft:oak_sapling":1,"minecraft:spider_eye":1,"biomemakeover:illunite_shard":4,"minecraft:bow":2,"minecraft:black_wool":1},"minecraft:killed_by":{"minecraft:creeper":1,"minecraft:vindicator":1,"enemyexpansion:sprinter":1,"minecraft:skeleton":2,"enemyexpansion:wasp":1,"minecraft:zombie":5,"minecraft:vex":2},"minecraft:killed":{"minecraft:evoker":6,"minecraft:vex":11,"minecraft:cave_spider":1,"minecraft:vindicator":4,"minecraft:spider":2,"enemyexpansion:equestrian":3,"enemyexpansion:direwolf":9,"enemyexpansion:goblin_fear":8,"minecraft:horse":1,"minecraft:skeleton":26,"alexsmobs:blue_jay":1,"minecraft:chicken":4,"enemyexpansion:goblin":2,"minecraft:skeleton_horse":3,"minecraft:pig":3,"minecraft:salmon":4,"enemyexpansion:sprinter":2,"minecraft:creeper":5,"minecraft:squid":2,"mowziesmobs:lantern":1,"minecraft:sheep":14,"alexsmobs:catfish":3,"minecraft:pillager":11,"enemyexpansion:meature":5,"minecraft:zombie":20,"alexsmobs:terrapin":1,"enemyexpansion:botfly":2,"enemyexpansion:huntsman":1,"minecraft:cow":16,"enemyexpansion:slugger":2},"minecraft:mined":{"minecraft:red_carpet":1,"minecraft:dark_oak_leaves":2,"biomemakeover:ancient_oak_log":4,"goblins_tyranny:coins_4":1,"minecraft:dark_oak_log":1,"biomemakeover:ancient_oak_planks":6,"goblins_tyranny:coins_1":2,"minecraft:dark_oak_fence":7,"minecraft:grass_block":16,"minecraft:hay_block":7,"farmersdelight:wild_onions":2,"minecraft:fire":1,"goblins_tyranny:coin_barrel":1,"minecraft:oak_stairs":1,"minecraft:stone":37,"biomemakeover:cyan_wall_tapestry":1,"minecraft:crafting_table":4,"minecraft:torch":2,"minecraft:blast_furnace":4,"minecraft:chest":1,"minecraft:white_stained_glass_pane":1,"minecraft:copper_ore":2,"minecraft:cobblestone":7,"minecraft:oak_planks":4,"minecraft:sugar_cane":1,"farmersdelight:wild_beetroots":1,"minecraft:cyan_wool":3,"minecraft:cactus":4,"farmersdelight:sandy_shrub":1,"minecraft:dark_oak_slab":1,"minecraft:cobblestone_wall":6,"minecraft:birch_log":15,"biomemakeover:purple_wall_tapestry":1,"minecraft:birch_leaves":6,"minecraft:grass":5,"minecraft:oak_log":25,"goblins_tyranny:coins_2":1,"minecraft:dirt":21,"minecraft:oak_leaves":22},"minecraft:crafted":{"minecraft:wooden_sword":5,"minecraft:oak_planks":72,"minecraft:iron_nugget":9,"irons_spellbooks:iron_spell_book":1,"minecraft:chain":4,"minecraft:furnace":1,"minecraft:cooked_mutton":20,"minecraft:flint_and_steel":1,"minecraft:iron_boots":1,"minecraft:iron_axe":1,"minecraft:stone_pickaxe":1,"alexsmobs:cooked_catfish":3,"minecraft:oak_fence":3,"minecraft:wheat":63,"minecraft:cooked_beef":26,"paraglider:paraglider":1,"minecraft:oak_slab":6,"minecraft:cooked_porkchop":19,"minecraft:crafting_table":7,"minecraft:wooden_pickaxe":1,"spartanweaponry:handle":8,"minecraft:cooked_salmon":1,"minecraft:gold_block":1,"minecraft:birch_planks":12,"minecraft:stone_axe":1,"minecraft:bread":28,"minecraft:air":0,"spartanweaponry:stone_saber":1,"minecraft:paper":3,"minecraft:charcoal":7,"minecraft:shield":1,"spartanweaponry:stone_parrying_dagger":1,"minecraft:stick":40,"minecraft:iron_ingot":2,"minecraft:leather_chestplate":1,"minecraft:gold_ingot":2,"spartanshields:wooden_basic_shield":1,"irons_spellbooks:inscription_table":1,"minecraft:torch":24},"minecraft:used":{"minecraft:trident":65,"minecraft:iron_shovel":22,"minecraft:flint_and_steel":9,"minecraft:chest":1,"minecraft:shield":49,"minecraft:iron_sword":142,"minecraft:cooked_salmon":1,"minecraft:torch":26,"minecraft:dirt":4,"minecraft:iron_axe":34,"minecraft:iron_helmet":1,"minecraft:iron_boots":1,"biomemakeover:ancient_oak_planks":2,"minecraft:bow":9,"minecraft:furnace":2,"tombstone:gift":4,"spartanweaponry:iron_battle_hammer":51,"minecraft:egg":2,"minecraft:cooked_beef":26,"minecraft:cooked_mutton":13,"alexsmobs:cooked_catfish":2,"spartanweaponry:stone_saber":105,"spartanshields:wooden_basic_shield":22,"minecraft:oak_planks":16,"minecraft:stone_pickaxe":21,"minecraft:wooden_pickaxe":14,"minecraft:leather_chestplate":1,"spartanweaponry:wooden_tomahawk":3,"minecraft:crafting_table":8,"minecraft:blast_furnace":4,"minecraft:crossbow":10,"biomemakeover:cladded_leggings":1,"goblins_tyranny:coin":2,"minecraft:smoker":1,"spartanweaponry:iron_battleaxe":2,"tombstone:bag_of_seeds":2,"waystones:waystone":1,"minecraft:bread":38,"minecraft:string":1,"minecraft:iron_pickaxe":24,"minecraft:stone_axe":39,"minecraft:wooden_sword":73,"minecraft:cobblestone":4,"minecraft:cooked_porkchop":3,"spartanweaponry:stone_parrying_dagger":48,"alexsmobs:animal_dictionary":1,"irons_spellbooks:inscription_table":1},"minecraft:custom":{"minecraft:mob_kills":180,"minecraft:interact_with_crafting_table":42,"minecraft:open_barrel":17,"minecraft:damage_dealt_resisted":0,"minecraft:leave_game":13,"minecraft:time_since_death":114119,"minecraft:climb_one_cm":9316,"minecraft:damage_resisted":0,"minecraft:sprint_one_cm":1023320,"minecraft:walk_one_cm":859969,"minecraft:damage_blocked_by_shield":2689,"minecraft:drop":93,"minecraft:talked_to_villager":10,"minecraft:play_time":285421,"minecraft:deaths":13,"minecraft:sneak_time":832,"minecraft:walk_under_water_one_cm":20440,"minecraft:jump":2855,"minecraft:interact_with_blast_furnace":9,"minecraft:walk_on_water_one_cm":38767,"minecraft:total_world_time":285421,"spartanshields:shield_bash_hits":3,"minecraft:interact_with_furnace":42,"tombstone:raider_killed":21,"minecraft:interact_with_cartography_table":2,"minecraft:waystone_activated":1,"minecraft:time_since_rest":113948,"minecraft:damage_taken":8336,"minecraft:damage_dealt":24203,"minecraft:swim_one_cm":55660,"minecraft:fly_one_cm":570435,"minecraft:open_chest":161,"minecraft:crouch_one_cm":1443,"tombstone:undead_killed":62,"minecraft:fall_one_cm":64169,"minecraft:horse_one_cm":704453},"minecraft:picked_up":{"irons_spellbooks:scroll":1,"minecraft:allium":6,"minecraft:crafting_table":4,"minecraft:wheat":9,"minecraft:chicken":2,"biomemakeover:ancient_oak_log":1,"tombstone:grave_key":1,"minecraft:string":5,"minecraft:cooked_salmon":1,"minecraft:iron_axe":3,"minecraft:wooden_sword":4,"minecraft:iron_leggings":1,"minecraft:beetroot":3,"irons_spellbooks:arcane_essence":2,"minecraft:beef":28,"minecraft:rose_bush":1,"minecraft:sugar_cane":4,"minecraft:chest":1,"minecraft:birch_sapling":1,"farmersdelight:cabbage_seeds":2,"minecraft:egg":2,"minecraft:stick":8,"apotheosis:gem":6,"minecraft:torch":2,"minecraft:bowl":1,"minecraft:porkchop":16,"farmersdelight:tomato_seeds":3,"tombstone:grave_dust":5,"minecraft:carrot":22,"minecraft:cactus":14,"minecraft:arrow":40,"minecraft:rotten_flesh":42,"minecraft:beetroot_seeds":8,"farmersdelight:onion":2,"minecraft:hay_block":7,"tombstone:essence_of_undeath":1,"minecraft:totem_of_undying":6,"minecraft:mutton":20,"minecraft:white_wool":11,"alexsmobs:flying_fish":1,"minecraft:cobblestone":38,"minecraft:birch_log":33,"minecraft:feather":13,"minecraft:repeater":1,"minecraft:salmon":2,"spartanweaponry:iron_battleaxe":1,"minecraft:leather":16,"minecraft:brown_wool":1,"minecraft:red_mushroom":7,"minecraft:potato":9,"minecraft:oak_log":24,"minecraft:chainmail_chestplate":2,"minecraft:cobblestone_wall":5,"minecraft:gunpowder":5,"minecraft:lapis_lazuli":1,"minecraft:dirt":79,"biomemakeover:crude_fragment":6,"minecraft:red_carpet":1,"minecraft:bone":24,"minecraft:bow":2,"minecraft:wheat_seeds":23,"minecraft:iron_ingot":5,"spartanshields:wooden_basic_shield":1,"tombstone:bag_of_seeds":1,"minecraft:iron_sword":1,"minecraft:oak_planks":4,"biomemakeover:ancient_oak_planks":4,"minecraft:torchflower_seeds":1,"biomemakeover:cyan_tapestry":1,"minecraft:ink_sac":6,"minecraft:blast_furnace":4,"biomemakeover:purple_tapestry":1,"minecraft:lily_of_the_valley":2,"minecraft:spider_eye":1,"alexsmobs:animal_dictionary":3,"spartanweaponry:iron_battle_hammer":1,"minecraft:bundle":1,"alexsmobs:raw_catfish":3,"goblins_tyranny:coin":32,"waystones:waystone":1,"minecraft:iron_helmet":1,"knightquest:small_essence":10,"minecraft:emerald":10,"tombstone:magic_scroll":1,"minecraft:oak_sapling":1,"minecraft:black_wool":3,"minecraft:dark_oak_fence":1,"minecraft:coal":8}},"DataVersion":3465}