{"stats":{"minecraft:killed_by":{"minecraft:creeper":1,"minecraft:vindicator":1,"enemyexpansion:sprinter":1,"minecraft:zombie":5,"minecraft:vex":2,"minecraft:skeleton":2,"enemyexpansion:wasp":1},"minecraft:crafted":{"minecraft:oak_planks":84,"quark:birch_chest":2,"irons_spellbooks:iron_spell_book":1,"minecraft:cooked_chicken":2,"minecraft:chain":4,"minecraft:cooked_mutton":21,"minecraft:glass":12,"minecraft:iron_boots":1,"alexsmobs:cooked_catfish":3,"minecraft:oak_fence":3,"minecraft:oak_slab":6,"minecraft:cooked_porkchop":22,"waystones:return_scroll":6,"minecraft:crafting_table":8,"travelersbackpack:standard":1,"minecraft:wooden_pickaxe":1,"minecraft:gold_block":1,"minecraft:birch_planks":28,"spartanweaponry:stone_saber":1,"minecraft:purple_dye":2,"minecraft:paper":3,"minecraft:charcoal":7,"minecraft:shield":1,"minecraft:stick":40,"quark:oak_chest":1,"minecraft:leather_chestplate":1,"minecraft:iron_ingot":2,"minecraft:compass":1,"minecraft:gold_ingot":2,"spartanshields:wooden_basic_shield":1,"minecraft:wooden_sword":5,"minecraft:iron_nugget":9,"minecraft:furnace":1,"minecraft:flint_and_steel":1,"travelersbackpack:white_sleeping_bag":1,"minecraft:iron_axe":1,"minecraft:stone_pickaxe":1,"minecraft:wheat":63,"minecraft:cooked_beef":28,"paraglider:paraglider":1,"minecraft:red_dye":1,"travelersbackpack:backpack_tank":2,"spartanweaponry:handle":8,"minecraft:cooked_salmon":1,"minecraft:stone_axe":1,"minecraft:bread":49,"minecraft:air":0,"minecraft:blue_dye":1,"minecraft:gold_nugget":9,"irons_spellbooks:wandering_magician_chestplate":1,"spartanweaponry:stone_parrying_dagger":1,"irons_spellbooks:inscription_table":1,"minecraft:torch":28},"minecraft:dropped":{"minecraft:moss_block":3,"minecraft:lapis_lazuli":1,"minecraft:crafting_table":3,"biomemakeover:crude_fragment":3,"minecraft:rail":1,"biomemakeover:purple_tapestry":1,"minecraft:red_mushroom":3,"spartanshields:wooden_basic_shield":1,"minecraft:dirt":76,"alexsmobs:flying_fish":1,"irons_spellbooks:arcane_essence":12,"minecraft:chain":1,"alexsmobs:cooked_catfish":1,"minecraft:wooden_sword":3,"minecraft:gold_nugget":6,"tombstone:scroll_of_frost_resistance":1,"paraglider:paraglider":1,"minecraft:birch_log":10,"minecraft:gold_ingot":4,"minecraft:bone":21,"biomemakeover:cyan_tapestry":1,"alexsmobs:animal_dictionary":3,"minecraft:wheat":1,"minecraft:beetroot":3,"minecraft:rotten_flesh":42,"minecraft:cooked_mutton":7,"minecraft:carrot":22,"minecraft:chainmail_chestplate":1,"spartanweaponry:wooden_tomahawk":2,"minecraft:leather_chestplate":1,"minecraft:gunpowder":2,"quark:hollow_oak_log":2,"minecraft:beetroot_seeds":2,"apotheosis:gem":3,"minecraft:spruce_slab":2,"farmersdelight:tomato_seeds":7,"spartanweaponry:handle":2,"minecraft:iron_ingot":15,"minecraft:oak_slab":3,"minecraft:wheat_seeds":24,"minecraft:feather":8,"minecraft:iron_helmet":1,"minecraft:oak_fence":1,"minecraft:cobblestone":15,"minecraft:spruce_stairs":1,"minecraft:coal":34,"minecraft:stick":5,"irons_spellbooks:scroll":2,"spartanweaponry:stone_parrying_dagger":1,"spartanweaponry:iron_battleaxe":1,"tombstone:grave_key":2,"minecraft:repeater":1,"minecraft:rose_bush":1,"minecraft:cooked_salmon":1,"tombstone:grave_dust":3,"minecraft:iron_leggings":1,"minecraft:iron_axe":2,"minecraft:paper":11,"minecraft:string":53,"minecraft:coarse_dirt":1,"farmersdelight:cabbage_seeds":2,"born_in_chaos_v1:rotten_fish":3,"minecraft:chicken":4,"minecraft:iron_boots":1,"minecraft:white_terracotta":9,"minecraft:torchflower_seeds":1,"minecraft:lily_of_the_valley":2,"minecraft:potato":9,"minecraft:allium":6,"goblins_tyranny:coin":15,"minecraft:oak_sapling":1,"minecraft:spider_eye":1,"knightquest:small_essence":13,"biomemakeover:illunite_shard":4,"minecraft:bow":2,"minecraft:black_wool":1},"minecraft:used":{"irons_spellbooks:inscription_table":1,"minecraft:iron_shovel":43,"minecraft:chest":1,"minecraft:shield":59,"minecraft:iron_sword":205,"minecraft:iron_helmet":1,"biomemakeover:ancient_oak_planks":2,"minecraft:bow":9,"minecraft:furnace":2,"minecraft:egg":3,"minecraft:stone_pickaxe":21,"minecraft:oak_planks":16,"minecraft:wooden_pickaxe":14,"minecraft:leather_chestplate":1,"minecraft:blast_furnace":4,"minecraft:crossbow":19,"waystones:waystone":1,"minecraft:string":1,"minecraft:bread":43,"minecraft:wooden_sword":73,"minecraft:smithing_table":1,"spartanweaponry:stone_parrying_dagger":48,"minecraft:trident":65,"minecraft:flint_and_steel":9,"minecraft:cooked_salmon":1,"minecraft:torch":30,"minecraft:dirt":4,"minecraft:iron_axe":47,"minecraft:iron_boots":1,"spartanweaponry:iron_battle_hammer":88,"tombstone:gift":4,"minecraft:cooked_beef":26,"minecraft:cooked_mutton":13,"alexsmobs:cooked_catfish":2,"spartanweaponry:stone_saber":105,"spartanshields:wooden_basic_shield":22,"minecraft:bundle":2,"spartanweaponry:wooden_tomahawk":3,"minecraft:rail":1,"minecraft:crafting_table":9,"biomemakeover:cladded_leggings":1,"goblins_tyranny:coin":2,"minecraft:smoker":1,"spartanweaponry:iron_battleaxe":2,"tombstone:bag_of_seeds":3,"minecraft:iron_pickaxe":50,"minecraft:stone_axe":39,"minecraft:cobblestone":4,"minecraft:cooked_porkchop":22,"alexsmobs:animal_dictionary":1},"minecraft:mined":{"biomemakeover:ancient_oak_planks":6,"minecraft:cave_vines_plant":1,"minecraft:grass_block":21,"minecraft:fire":1,"goblins_tyranny:coin_barrel":1,"minecraft:dirt_path":1,"minecraft:oak_stairs":1,"minecraft:torch":2,"biomemakeover:cyan_wall_tapestry":1,"minecraft:blast_furnace":4,"minecraft:chest":1,"minecraft:white_stained_glass_pane":1,"minecraft:dead_bush":1,"minecraft:cobblestone":7,"minecraft:sugar_cane":1,"minecraft:oak_planks":4,"minecraft:white_terracotta":3,"minecraft:cyan_wool":3,"farmersdelight:sandy_shrub":1,"minecraft:dark_oak_slab":1,"minecraft:birch_log":15,"biomemakeover:purple_wall_tapestry":1,"minecraft:grass":10,"minecraft:oak_log":30,"goblins_tyranny:coins_2":1,"minecraft:sand":14,"minecraft:dirt":24,"quark:hollow_oak_log":2,"minecraft:oak_leaves":22,"minecraft:red_carpet":1,"minecraft:dark_oak_leaves":2,"biomemakeover:ancient_oak_log":4,"goblins_tyranny:coins_4":1,"minecraft:dark_oak_log":1,"minecraft:dark_oak_fence":7,"goblins_tyranny:coins_1":2,"minecraft:moss_block":1,"minecraft:hay_block":7,"farmersdelight:wild_onions":2,"minecraft:andesite":1,"minecraft:stone":40,"minecraft:smithing_table":1,"minecraft:crafting_table":5,"minecraft:tall_grass":1,"minecraft:copper_ore":2,"farmersdelight:wild_beetroots":1,"minecraft:cactus":4,"minecraft:coarse_dirt":1,"minecraft:cobblestone_wall":6,"minecraft:birch_leaves":6,"minecraft:coal_ore":16,"minecraft:cobweb":3},"minecraft:custom":{"lootr:looted_stat":2,"minecraft:interact_with_crafting_table":52,"minecraft:open_barrel":17,"minecraft:leave_game":26,"minecraft:time_since_death":208467,"minecraft:damage_resisted":0,"minecraft:sprint_one_cm":1197229,"minecraft:damage_blocked_by_shield":3210,"minecraft:drop":147,"minecraft:talked_to_villager":16,"minecraft:play_time":379769,"minecraft:deaths":13,"minecraft:jump":3512,"minecraft:walk_on_water_one_cm":47504,"minecraft:interact_with_furnace":58,"minecraft:interact_with_cartography_table":2,"minecraft:waystone_activated":2,"minecraft:damage_dealt":28770,"minecraft:crouch_one_cm":1792,"tombstone:undead_killed":79,"minecraft:interact_with_smoker":10,"minecraft:horse_one_cm":1778582,"minecraft:mob_kills":215,"minecraft:damage_dealt_resisted":423,"minecraft:climb_one_cm":11298,"minecraft:walk_one_cm":1060574,"minecraft:sneak_time":1127,"minecraft:walk_under_water_one_cm":30030,"minecraft:interact_with_blast_furnace":10,"minecraft:total_world_time":379769,"spartanshields:shield_bash_hits":3,"tombstone:raider_killed":25,"minecraft:time_since_rest":208296,"minecraft:damage_taken":10011,"minecraft:trigger_trapped_chest":2,"minecraft:swim_one_cm":65590,"minecraft:fly_one_cm":712381,"minecraft:open_chest":246,"minecraft:fall_one_cm":81512},"minecraft:picked_up":{"irons_spellbooks:scroll":4,"minecraft:wheat":9,"minecraft:smithing_table":1,"quark:hollow_oak_log":2,"tombstone:grave_key":1,"minecraft:string":14,"minecraft:cooked_salmon":1,"minecraft:iron_leggings":2,"minecraft:beetroot":3,"irons_spellbooks:arcane_essence":17,"minecraft:rose_bush":1,"farmersdelight:cabbage_seeds":2,"minecraft:stick":9,"apotheosis:gem":15,"minecraft:torch":2,"minecraft:spruce_stairs":1,"minecraft:porkchop":16,"tombstone:grave_dust":5,"minecraft:cactus":14,"minecraft:rotten_flesh":59,"farmersdelight:onion":2,"minecraft:carved_pumpkin":1,"minecraft:white_terracotta":12,"alexsmobs:flying_fish":2,"minecraft:cobblestone":41,"paraglider:paraglider":1,"minecraft:birch_log":33,"minecraft:feather":17,"minecraft:repeater":2,"minecraft:andesite":1,"spartanweaponry:iron_battleaxe":1,"minecraft:brown_wool":1,"minecraft:potato":9,"minecraft:lapis_lazuli":1,"minecraft:dirt":89,"biomemakeover:crude_fragment":6,"minecraft:bone":29,"minecraft:bow":2,"minecraft:wheat_seeds":24,"minecraft:moss_block":3,"minecraft:oak_planks":4,"biomemakeover:ancient_oak_planks":4,"biomemakeover:cyan_tapestry":1,"minecraft:sand":14,"minecraft:ink_sac":6,"biomemakeover:purple_tapestry":2,"minecraft:lily_of_the_valley":2,"alexsmobs:animal_dictionary":3,"minecraft:bundle":1,"waystones:waystone":1,"knightquest:small_essence":23,"minecraft:emerald":11,"minecraft:oak_sapling":1,"born_in_chaos_v1:rotten_fish":3,"minecraft:dark_oak_fence":1,"minecraft:coarse_dirt":1,"minecraft:crafting_table":5,"minecraft:allium":6,"minecraft:chicken":6,"minecraft:leather_leggings":1,"biomemakeover:ancient_oak_log":1,"minecraft:shield":1,"minecraft:iron_axe":3,"minecraft:wooden_sword":4,"minecraft:beef":30,"minecraft:player_head":1,"minecraft:spruce_slab":2,"minecraft:sugar_cane":4,"minecraft:chest":1,"minecraft:birch_sapling":1,"minecraft:phantom_membrane":1,"minecraft:egg":3,"minecraft:bowl":1,"farmersdelight:tomato_seeds":9,"minecraft:carrot":22,"minecraft:arrow":41,"minecraft:beetroot_seeds":8,"minecraft:hay_block":7,"tombstone:essence_of_undeath":1,"minecraft:totem_of_undying":6,"minecraft:gold_ingot":4,"minecraft:mutton":21,"minecraft:rail":2,"minecraft:white_wool":12,"minecraft:salmon":2,"minecraft:leather":19,"minecraft:red_mushroom":7,"realmrpg_creep:creeping_sprout":3,"minecraft:oak_log":29,"minecraft:chainmail_chestplate":2,"minecraft:cobblestone_wall":5,"minecraft:gunpowder":6,"minecraft:paper":11,"minecraft:red_carpet":1,"minecraft:iron_ingot":15,"tombstone:bag_of_seeds":2,"spartanshields:wooden_basic_shield":1,"tombstone:scroll_of_frost_resistance":1,"minecraft:iron_sword":1,"minecraft:torchflower_seeds":1,"minecraft:blast_furnace":4,"minecraft:spider_eye":2,"spartanweaponry:iron_battle_hammer":1,"alexsmobs:raw_catfish":3,"goblins_tyranny:coin":32,"minecraft:iron_helmet":1,"tombstone:magic_scroll":1,"minecraft:black_wool":3,"minecraft:coal":51,"minecraft:ender_pearl":1},"minecraft:broken":{"spartanweaponry:stone_saber":1,"spartanshields:wooden_basic_shield":1,"biomemakeover:cladded_leggings":1,"minecraft:shield":1},"minecraft:killed":{"minecraft:cave_spider":1,"enemyexpansion:equestrian":4,"minecraft:spider":3,"minecraft:skeleton":28,"minecraft:chicken":4,"realmrpg_demons:chort":1,"born_in_chaos_v1:skeleton_thrasher":1,"minecraft:silverfish":1,"irons_spellbooks:summoned_skeleton":1,"minecraft:skeleton_horse":3,"minecraft:pig":3,"minecraft:salmon":4,"irons_spellbooks:necromancer":1,"minecraft:creeper":6,"minecraft:sheep":15,"mowziesmobs:lantern":1,"minecraft:pillager":11,"enemyexpansion:meature":5,"minecraft:zombie":25,"alexsmobs:terrapin":1,"born_in_chaos_v1:corpse_fly":1,"enemyexpansion:botfly":2,"minecraft:cow":17,"minecraft:evoker":6,"minecraft:vex":11,"irons_spellbooks:summoned_zombie":3,"realmrpg_creep:halloweed":1,"alexsmobs:raccoon":1,"minecraft:vindicator":5,"enemyexpansion:direwolf":9,"enemyexpansion:goblin_fear":8,"minecraft:phantom":3,"born_in_chaos_v1:maggot":4,"minecraft:horse":2,"alexsmobs:blue_jay":1,"goblins_tyranny:mini_goblin_1":1,"enemyexpansion:goblin":2,"enemyexpansion:sprinter":2,"minecraft:squid":2,"alexsmobs:catfish":3,"enemyexpansion:huntsman":1,"minecraft:enderman":1,"enemyexpansion:slugger":2}},"DataVersion":3465}