{"stats":{"minecraft:killed_by":{"minecraft:creeper":1,"minecraft:vindicator":1,"enemyexpansion:sprinter":1,"minecraft:zombie":5,"minecraft:vex":2,"minecraft:skeleton":2,"enemyexpansion:wasp":1},"minecraft:crafted":{"minecraft:oak_planks":84,"irons_spellbooks:iron_spell_book":1,"minecraft:chain":4,"minecraft:cooked_mutton":20,"minecraft:iron_boots":1,"alexsmobs:cooked_catfish":3,"minecraft:oak_fence":3,"minecraft:oak_slab":6,"minecraft:cooked_porkchop":19,"minecraft:crafting_table":8,"minecraft:wooden_pickaxe":1,"minecraft:gold_block":1,"minecraft:birch_planks":12,"spartanweaponry:stone_saber":1,"minecraft:paper":3,"minecraft:charcoal":7,"minecraft:shield":1,"minecraft:stick":40,"quark:oak_chest":1,"minecraft:leather_chestplate":1,"minecraft:iron_ingot":2,"minecraft:gold_ingot":2,"spartanshields:wooden_basic_shield":1,"minecraft:wooden_sword":5,"minecraft:iron_nugget":9,"minecraft:furnace":1,"minecraft:flint_and_steel":1,"minecraft:iron_axe":1,"minecraft:stone_pickaxe":1,"minecraft:wheat":63,"minecraft:cooked_beef":26,"paraglider:paraglider":1,"spartanweaponry:handle":8,"minecraft:cooked_salmon":1,"minecraft:stone_axe":1,"minecraft:bread":28,"minecraft:air":0,"spartanweaponry:stone_parrying_dagger":1,"irons_spellbooks:inscription_table":1,"minecraft:torch":28},"minecraft:dropped":{"minecraft:moss_block":3,"minecraft:lapis_lazuli":1,"minecraft:crafting_table":3,"biomemakeover:crude_fragment":3,"minecraft:red_mushroom":3,"spartanshields:wooden_basic_shield":1,"minecraft:dirt":75,"irons_spellbooks:arcane_essence":6,"minecraft:chain":1,"alexsmobs:cooked_catfish":1,"minecraft:gold_nugget":6,"minecraft:wooden_sword":3,"tombstone:scroll_of_frost_resistance":1,"paraglider:paraglider":1,"minecraft:birch_log":10,"minecraft:gold_ingot":2,"minecraft:bone":21,"biomemakeover:cyan_tapestry":1,"alexsmobs:animal_dictionary":3,"minecraft:wheat":1,"minecraft:beetroot":3,"minecraft:rotten_flesh":40,"minecraft:cooked_mutton":7,"minecraft:carrot":22,"minecraft:chainmail_chestplate":1,"spartanweaponry:wooden_tomahawk":2,"minecraft:leather_chestplate":1,"minecraft:gunpowder":2,"quark:hollow_oak_log":2,"minecraft:beetroot_seeds":2,"apotheosis:gem":2,"minecraft:spruce_slab":2,"farmersdelight:tomato_seeds":3,"minecraft:iron_ingot":10,"spartanweaponry:handle":2,"minecraft:oak_slab":3,"minecraft:wheat_seeds":24,"minecraft:feather":6,"minecraft:iron_helmet":1,"minecraft:oak_fence":1,"minecraft:cobblestone":15,"minecraft:spruce_stairs":1,"minecraft:coal":21,"minecraft:stick":5,"irons_spellbooks:scroll":2,"spartanweaponry:stone_parrying_dagger":1,"tombstone:grave_key":2,"spartanweaponry:iron_battleaxe":1,"minecraft:rose_bush":1,"minecraft:cooked_salmon":1,"tombstone:grave_dust":3,"minecraft:iron_leggings":1,"minecraft:iron_axe":2,"minecraft:paper":5,"minecraft:string":50,"minecraft:coarse_dirt":1,"farmersdelight:cabbage_seeds":2,"minecraft:chicken":2,"minecraft:iron_boots":1,"minecraft:white_terracotta":3,"minecraft:torchflower_seeds":1,"minecraft:lily_of_the_valley":2,"minecraft:potato":9,"minecraft:allium":6,"goblins_tyranny:coin":15,"minecraft:oak_sapling":1,"minecraft:spider_eye":1,"knightquest:small_essence":6,"biomemakeover:illunite_shard":4,"minecraft:bow":2,"minecraft:black_wool":1},"minecraft:used":{"irons_spellbooks:inscription_table":1,"minecraft:iron_shovel":22,"minecraft:chest":1,"minecraft:shield":59,"minecraft:iron_sword":189,"minecraft:iron_helmet":1,"biomemakeover:ancient_oak_planks":2,"minecraft:bow":9,"minecraft:furnace":2,"minecraft:egg":2,"minecraft:stone_pickaxe":21,"minecraft:oak_planks":16,"minecraft:leather_chestplate":1,"minecraft:wooden_pickaxe":14,"minecraft:blast_furnace":4,"minecraft:crossbow":18,"waystones:waystone":1,"minecraft:bread":38,"minecraft:string":1,"minecraft:wooden_sword":73,"spartanweaponry:stone_parrying_dagger":48,"minecraft:trident":65,"minecraft:flint_and_steel":9,"minecraft:cooked_salmon":1,"minecraft:torch":30,"minecraft:dirt":4,"minecraft:iron_axe":42,"minecraft:iron_boots":1,"spartanweaponry:iron_battle_hammer":69,"tombstone:gift":4,"minecraft:cooked_beef":26,"minecraft:cooked_mutton":13,"alexsmobs:cooked_catfish":2,"spartanweaponry:stone_saber":105,"spartanshields:wooden_basic_shield":22,"minecraft:bundle":1,"spartanweaponry:wooden_tomahawk":3,"minecraft:crafting_table":9,"biomemakeover:cladded_leggings":1,"goblins_tyranny:coin":2,"minecraft:smoker":1,"spartanweaponry:iron_battleaxe":2,"tombstone:bag_of_seeds":3,"minecraft:iron_pickaxe":49,"minecraft:stone_axe":39,"minecraft:cobblestone":4,"minecraft:cooked_porkchop":14,"alexsmobs:animal_dictionary":1},"minecraft:mined":{"biomemakeover:ancient_oak_planks":6,"minecraft:cave_vines_plant":1,"minecraft:grass_block":16,"minecraft:fire":1,"goblins_tyranny:coin_barrel":1,"minecraft:dirt_path":1,"minecraft:oak_stairs":1,"minecraft:torch":2,"biomemakeover:cyan_wall_tapestry":1,"minecraft:blast_furnace":4,"minecraft:chest":1,"minecraft:white_stained_glass_pane":1,"minecraft:dead_bush":1,"minecraft:cobblestone":7,"minecraft:sugar_cane":1,"minecraft:oak_planks":4,"minecraft:white_terracotta":3,"minecraft:cyan_wool":3,"farmersdelight:sandy_shrub":1,"minecraft:dark_oak_slab":1,"minecraft:birch_log":15,"biomemakeover:purple_wall_tapestry":1,"minecraft:grass":8,"minecraft:oak_log":30,"goblins_tyranny:coins_2":1,"minecraft:dirt":21,"quark:hollow_oak_log":2,"minecraft:oak_leaves":22,"minecraft:red_carpet":1,"biomemakeover:ancient_oak_log":4,"minecraft:dark_oak_leaves":2,"goblins_tyranny:coins_4":1,"minecraft:dark_oak_log":1,"minecraft:dark_oak_fence":7,"goblins_tyranny:coins_1":2,"minecraft:moss_block":1,"minecraft:hay_block":7,"farmersdelight:wild_onions":2,"minecraft:stone":40,"minecraft:smithing_table":1,"minecraft:crafting_table":5,"minecraft:copper_ore":2,"farmersdelight:wild_beetroots":1,"minecraft:cactus":4,"minecraft:coarse_dirt":1,"minecraft:cobblestone_wall":6,"minecraft:birch_leaves":6,"minecraft:coal_ore":16,"minecraft:cobweb":3},"minecraft:custom":{"lootr:looted_stat":2,"minecraft:interact_with_crafting_table":44,"minecraft:open_barrel":17,"minecraft:leave_game":18,"minecraft:time_since_death":162495,"minecraft:damage_resisted":0,"minecraft:sprint_one_cm":1094211,"minecraft:damage_blocked_by_shield":3210,"minecraft:drop":121,"minecraft:talked_to_villager":13,"minecraft:play_time":333797,"minecraft:deaths":13,"minecraft:jump":3134,"minecraft:walk_on_water_one_cm":44645,"minecraft:interact_with_furnace":44,"minecraft:interact_with_cartography_table":2,"minecraft:waystone_activated":2,"minecraft:damage_dealt":27079,"minecraft:crouch_one_cm":1764,"tombstone:undead_killed":72,"minecraft:interact_with_smoker":1,"minecraft:horse_one_cm":1703182,"minecraft:mob_kills":199,"minecraft:damage_dealt_resisted":0,"minecraft:climb_one_cm":11298,"minecraft:walk_one_cm":971757,"minecraft:sneak_time":973,"minecraft:walk_under_water_one_cm":28249,"minecraft:interact_with_blast_furnace":9,"minecraft:total_world_time":333797,"spartanshields:shield_bash_hits":3,"tombstone:raider_killed":22,"minecraft:time_since_rest":162324,"minecraft:damage_taken":9265,"minecraft:trigger_trapped_chest":2,"minecraft:swim_one_cm":65590,"minecraft:fly_one_cm":616779,"minecraft:open_chest":165,"minecraft:fall_one_cm":69990},"minecraft:picked_up":{"irons_spellbooks:scroll":4,"minecraft:wheat":9,"minecraft:smithing_table":1,"quark:hollow_oak_log":2,"tombstone:grave_key":1,"minecraft:string":11,"minecraft:cooked_salmon":1,"minecraft:iron_leggings":2,"minecraft:beetroot":3,"irons_spellbooks:arcane_essence":11,"minecraft:rose_bush":1,"farmersdelight:cabbage_seeds":2,"minecraft:stick":9,"apotheosis:gem":14,"minecraft:torch":2,"minecraft:spruce_stairs":1,"minecraft:porkchop":16,"tombstone:grave_dust":5,"minecraft:cactus":14,"minecraft:rotten_flesh":57,"farmersdelight:onion":2,"minecraft:white_terracotta":6,"alexsmobs:flying_fish":1,"minecraft:cobblestone":41,"paraglider:paraglider":1,"minecraft:birch_log":33,"minecraft:feather":15,"minecraft:repeater":1,"spartanweaponry:iron_battleaxe":1,"minecraft:brown_wool":1,"minecraft:potato":9,"minecraft:lapis_lazuli":1,"minecraft:dirt":80,"biomemakeover:crude_fragment":6,"minecraft:bone":26,"minecraft:bow":2,"minecraft:wheat_seeds":24,"minecraft:moss_block":3,"minecraft:oak_planks":4,"biomemakeover:ancient_oak_planks":4,"biomemakeover:cyan_tapestry":1,"minecraft:ink_sac":6,"biomemakeover:purple_tapestry":1,"minecraft:lily_of_the_valley":2,"alexsmobs:animal_dictionary":3,"minecraft:bundle":1,"waystones:waystone":1,"knightquest:small_essence":16,"minecraft:emerald":11,"minecraft:oak_sapling":1,"minecraft:dark_oak_fence":1,"minecraft:allium":6,"minecraft:coarse_dirt":1,"minecraft:crafting_table":5,"minecraft:chicken":4,"minecraft:leather_leggings":1,"biomemakeover:ancient_oak_log":1,"minecraft:iron_axe":3,"minecraft:wooden_sword":4,"minecraft:beef":28,"minecraft:player_head":1,"minecraft:spruce_slab":2,"minecraft:sugar_cane":4,"minecraft:chest":1,"minecraft:birch_sapling":1,"minecraft:egg":2,"minecraft:bowl":1,"farmersdelight:tomato_seeds":5,"minecraft:carrot":22,"minecraft:arrow":41,"minecraft:beetroot_seeds":8,"minecraft:hay_block":7,"minecraft:gold_ingot":2,"minecraft:totem_of_undying":6,"tombstone:essence_of_undeath":1,"minecraft:mutton":20,"minecraft:white_wool":11,"minecraft:rail":1,"minecraft:salmon":2,"minecraft:leather":16,"minecraft:red_mushroom":7,"minecraft:oak_log":29,"minecraft:chainmail_chestplate":2,"minecraft:gunpowder":6,"minecraft:cobblestone_wall":5,"minecraft:paper":5,"minecraft:red_carpet":1,"minecraft:iron_ingot":10,"tombstone:bag_of_seeds":2,"spartanshields:wooden_basic_shield":1,"tombstone:scroll_of_frost_resistance":1,"minecraft:iron_sword":1,"minecraft:torchflower_seeds":1,"minecraft:blast_furnace":4,"minecraft:spider_eye":1,"spartanweaponry:iron_battle_hammer":1,"alexsmobs:raw_catfish":3,"goblins_tyranny:coin":32,"minecraft:iron_helmet":1,"tombstone:magic_scroll":1,"minecraft:black_wool":3,"minecraft:coal":36,"minecraft:ender_pearl":1},"minecraft:broken":{"spartanweaponry:stone_saber":1,"spartanshields:wooden_basic_shield":1,"biomemakeover:cladded_leggings":1,"minecraft:shield":1},"minecraft:killed":{"minecraft:cave_spider":1,"enemyexpansion:equestrian":3,"minecraft:spider":2,"minecraft:skeleton":28,"minecraft:chicken":4,"minecraft:silverfish":1,"irons_spellbooks:summoned_skeleton":1,"minecraft:skeleton_horse":3,"minecraft:pig":3,"minecraft:salmon":4,"irons_spellbooks:necromancer":1,"minecraft:creeper":6,"minecraft:sheep":14,"mowziesmobs:lantern":1,"minecraft:pillager":11,"enemyexpansion:meature":5,"minecraft:zombie":23,"alexsmobs:terrapin":1,"born_in_chaos_v1:corpse_fly":1,"enemyexpansion:botfly":2,"minecraft:cow":16,"minecraft:evoker":6,"minecraft:vex":11,"irons_spellbooks:summoned_zombie":3,"minecraft:vindicator":5,"enemyexpansion:direwolf":9,"enemyexpansion:goblin_fear":8,"born_in_chaos_v1:maggot":2,"minecraft:horse":1,"alexsmobs:blue_jay":1,"goblins_tyranny:mini_goblin_1":1,"enemyexpansion:goblin":2,"enemyexpansion:sprinter":2,"minecraft:squid":2,"alexsmobs:catfish":3,"enemyexpansion:huntsman":1,"minecraft:enderman":1,"enemyexpansion:slugger":2}},"DataVersion":3465}