{"stats":{"minecraft:killed_by":{"minecraft:skeleton":1,"enemyexpansion:wasp":1,"minecraft:zombie":3},"minecraft:crafted":{"minecraft:wooden_sword":1,"minecraft:oak_planks":32,"minecraft:crafting_table":4,"minecraft:wooden_pickaxe":1,"minecraft:furnace":1,"spartanweaponry:handle":4,"minecraft:cooked_salmon":1,"minecraft:stone_axe":1,"minecraft:bread":21,"minecraft:cooked_mutton":1,"minecraft:air":0,"spartanweaponry:stone_saber":1,"minecraft:charcoal":7,"minecraft:stick":12,"spartanweaponry:stone_parrying_dagger":1,"minecraft:stone_pickaxe":1,"spartanshields:wooden_basic_shield":1,"alexsmobs:cooked_catfish":3,"minecraft:wheat":63},"minecraft:picked_up":{"minecraft:birch_log":6,"minecraft:crafting_table":1,"minecraft:salmon":2,"spartanweaponry:iron_battleaxe":1,"minecraft:leather":3,"minecraft:oak_log":20,"minecraft:dirt":5,"minecraft:cooked_salmon":1,"biomemakeover:crude_fragment":3,"minecraft:bone":5,"minecraft:bow":1,"minecraft:wheat_seeds":2,"minecraft:beef":7,"minecraft:rose_bush":1,"spartanshields:wooden_basic_shield":1,"minecraft:egg":1,"minecraft:stick":2,"minecraft:porkchop":3,"tombstone:grave_dust":1,"minecraft:ink_sac":3,"alexsmobs:animal_dictionary":3,"alexsmobs:raw_catfish":3,"minecraft:arrow":5,"minecraft:rotten_flesh":13,"minecraft:hay_block":7,"knightquest:small_essence":1,"minecraft:emerald":1,"minecraft:oak_sapling":1,"minecraft:dark_oak_fence":1,"minecraft:mutton":2,"minecraft:white_wool":2,"minecraft:cobblestone":28},"minecraft:killed":{"minecraft:pig":1,"minecraft:salmon":4,"enemyexpansion:equestrian":1,"enemyexpansion:direwolf":3,"minecraft:creeper":2,"minecraft:squid":2,"minecraft:sheep":2,"minecraft:skeleton":3,"alexsmobs:catfish":3,"minecraft:pillager":1,"enemyexpansion:meature":2,"minecraft:zombie":3,"alexsmobs:terrapin":1,"minecraft:cow":4},"minecraft:mined":{"minecraft:crafting_table":1,"minecraft:dark_oak_fence":1,"minecraft:grass_block":2,"minecraft:hay_block":7,"minecraft:birch_log":6,"minecraft:birch_leaves":1,"minecraft:grass":3,"minecraft:oak_log":21,"minecraft:dirt":1,"minecraft:stone":28,"minecraft:oak_leaves":5},"minecraft:dropped":{"spartanweaponry:handle":2,"minecraft:wheat_seeds":1,"alexsmobs:animal_dictionary":3,"minecraft:cobblestone":9,"spartanshields:wooden_basic_shield":1,"spartanweaponry:wooden_tomahawk":2,"minecraft:dirt":3,"minecraft:cooked_salmon":1,"alexsmobs:cooked_catfish":1,"minecraft:bow":1},"minecraft:used":{"minecraft:cooked_mutton":1,"alexsmobs:cooked_catfish":2,"spartanweaponry:stone_saber":45,"spartanshields:wooden_basic_shield":7,"minecraft:stone_pickaxe":14,"minecraft:wooden_pickaxe":14,"minecraft:cooked_salmon":1,"minecraft:dirt":2,"spartanweaponry:wooden_tomahawk":3,"minecraft:crafting_table":5,"spartanweaponry:iron_battleaxe":2,"minecraft:bread":2,"minecraft:stone_axe":27,"minecraft:wooden_sword":33,"minecraft:furnace":1,"alexsmobs:animal_dictionary":1,"tombstone:gift":2,"spartanweaponry:stone_parrying_dagger":18,"minecraft:egg":1},"minecraft:custom":{"minecraft:interact_with_furnace":15,"minecraft:mob_kills":35,"tombstone:raider_killed":1,"minecraft:interact_with_crafting_table":14,"minecraft:damage_dealt_resisted":0,"minecraft:leave_game":8,"minecraft:time_since_death":12813,"minecraft:climb_one_cm":902,"minecraft:time_since_rest":10414,"minecraft:sprint_one_cm":180793,"minecraft:damage_taken":1609,"minecraft:walk_one_cm":220013,"minecraft:damage_blocked_by_shield":290,"minecraft:drop":24,"minecraft:damage_dealt":4837,"minecraft:swim_one_cm":15661,"minecraft:fly_one_cm":70922,"minecraft:open_chest":3,"minecraft:crouch_one_cm":3,"minecraft:play_time":96077,"tombstone:undead_killed":9,"minecraft:deaths":5,"minecraft:sneak_time":275,"minecraft:walk_under_water_one_cm":12513,"minecraft:jump":547,"minecraft:walk_on_water_one_cm":21930,"minecraft:total_world_time":96077,"minecraft:fall_one_cm":11141}},"DataVersion":3465}