{"stats":{"minecraft:broken":{"minecraft:iron_sword":1},"minecraft:dropped":{"minecraft:iron_sword":1,"minecraft:crossbow":1,"minecraft:lantern":1,"minecraft:dirt":2,"quark:acacia_chest":1,"minecraft:phantom_membrane":1,"minecraft:sugar":1,"minecraft:white_wool":1,"minecraft:wheat":8,"minecraft:rotten_flesh":30,"minecraft:oak_planks":3,"minecraft:chainmail_chestplate":1,"minecraft:firework_star":1,"minecraft:honey_block":9,"minecraft:chainmail_boots":1,"minecraft:arrow":1,"minecraft:stone_brick_stairs":1,"minecraft:oak_slab":18,"minecraft:wheat_seeds":204,"minecraft:oak_fence":1,"minecraft:feather":1,"minecraft:cobblestone":2,"minecraft:spruce_stairs":1,"minecraft:chainmail_helmet":1,"goblins_tyranny:mossy_hut_logs":1,"minecraft:stick":8,"minecraft:torch":1,"tombstone:grave_dust":1,"irons_spellbooks:common_ink":1,"minecraft:paper":12,"minecraft:dandelion":1,"minecraft:redstone":1,"minecraft:player_head":1,"minecraft:sticky_piston":4,"minecraft:chicken":2,"minecraft:light_gray_wool":1,"goblins_tyranny:hut_logs":1,"minecraft:flower_pot":1,"minecraft:bundle":1,"minecraft:spruce_trapdoor":9,"minecraft:spruce_planks":12,"minecraft:oak_sapling":3,"minecraft:stone_bricks":29},"minecraft:killed_by":{"minecraft:vindicator":1,"minecraft:zombie":1,"minecraft:vex":1},"minecraft:killed":{"minecraft:spider":3,"minecraft:chicken":5,"minecraft:pig":14,"minecraft:sheep":13,"goblins_tyranny:mini_goblin_2":1,"minecraft:pillager":3,"enemyexpansion:meature":2,"minecraft:zombie":36,"minecraft:mooshroom":1,"goblins_tyranny:mini_goblin_3":1,"enemyexpansion:botfly":9,"minecraft:cow":1,"alexsmobs:tasmanian_devil":1,"enemyexpansion:direwolf":1,"minecraft:drowned":1,"enemyexpansion:sprinter":1},"minecraft:crafted":{"minecraft:oak_planks":156,"biomemakeover:ancient_oak_planks":8,"spartanshields:wooden_tower_shield":1,"tombstone:grave_key":1,"minecraft:smoker":1,"minecraft:wooden_shovel":1,"minecraft:cooked_porkchop":8,"minecraft:crafting_table":4,"minecraft:wooden_pickaxe":2,"spartanweaponry:wooden_club":1,"minecraft:birch_planks":4,"minecraft:stick":28,"quark:oak_chest":8,"minecraft:iron_ingot":9,"minecraft:stone_sword":1,"minecraft:furnace":1,"irons_spellbooks:graybeard_staff":1,"minecraft:stone_pickaxe":2,"minecraft:iron_sword":1,"minecraft:stone_axe":3,"minecraft:bread":36,"minecraft:acacia_boat":1,"minecraft:air":0,"minecraft:oak_boat":1,"minecraft:acacia_planks":16},"minecraft:mined":{"minecraft:dark_oak_planks":1,"minecraft:large_amethyst_bud":1,"minecraft:white_bed":1,"minecraft:brewing_stand":2,"goblins_tyranny:hut_logs":1,"minecraft:spruce_trapdoor":2,"minecraft:grass_block":10,"minecraft:acacia_log":5,"minecraft:barrel":1,"goblins_tyranny:coin_barrel":1,"minecraft:iron_bars":2,"minecraft:iron_block":2,"minecraft:player_head":1,"minecraft:piston_head":4,"minecraft:melon_stem":1,"minecraft:smoker":2,"goblins_tyranny:wolf_stool":1,"minecraft:soul_lantern":1,"minecraft:blue_stained_glass":14,"biomemakeover:brown_wall_tapestry":1,"minecraft:melon":2,"minecraft:white_stained_glass_pane":5,"minecraft:dead_bush":1,"minecraft:cobblestone":5,"minecraft:sugar_cane":3,"minecraft:wall_torch":1,"minecraft:skeleton_skull":1,"minecraft:repeater":8,"minecraft:birch_log":60,"minecraft:wheat":493,"minecraft:grass":28,"minecraft:oak_log":58,"minecraft:beetroots":4,"minecraft:dirt":13,"minecraft:oak_leaves":5,"minecraft:daylight_detector":5,"minecraft:redstone_lamp":8,"biomemakeover:ancient_oak_log":2,"minecraft:dark_oak_leaves":4,"goblins_tyranny:goat_stool":1,"minecraft:candle":1,"goblins_tyranny:coins_4":1,"minecraft:allium":4,"biomemakeover:itching_ivy":3,"minecraft:spruce_fence":1,"minecraft:redstone_wire":1,"minecraft:yellow_concrete_powder":1,"quark:acacia_chest":4,"minecraft:hay_block":49,"farmersdelight:wild_onions":10,"minecraft:furnace":1,"minecraft:carrots":20,"goblins_tyranny:mugs_2":1,"minecraft:bookshelf":47,"minecraft:potatoes":11,"goblins_tyranny:mossy_hut_logs":1,"minecraft:lantern":1,"minecraft:bamboo":7,"irons_spellbooks:inscription_table":1,"minecraft:stone":43,"minecraft:white_wool":3,"minecraft:oak_slab":6,"minecraft:acacia_leaves":1,"minecraft:scaffolding":1,"minecraft:comparator":1,"quark:oak_chest":5,"minecraft:potted_lily_of_the_valley":2,"minecraft:oak_fence":4,"minecraft:crafting_table":10,"minecraft:honey_block":11,"minecraft:emerald_ore":2,"minecraft:rose_bush":2,"minecraft:lectern":1,"minecraft:campfire":14,"minecraft:tall_grass":9,"farmersdelight:wild_tomatoes":2,"minecraft:spruce_stairs":2,"minecraft:beehive":1,"minecraft:white_carpet":1,"minecraft:birch_leaves":5,"minecraft:yellow_bed":4,"minecraft:white_wall_banner":1,"minecraft:cobweb":38,"minecraft:acacia_planks":2,"minecraft:stone_bricks":43,"paraglider:goddess_statue":4},"minecraft:used":{"minecraft:iron_sword":390,"minecraft:honey_block":6,"minecraft:iron_helmet":1,"minecraft:stone_bricks":30,"biomemakeover:ancient_oak_planks":8,"minecraft:hay_block":8,"minecraft:stone_pickaxe":21,"minecraft:oak_planks":21,"minecraft:wooden_pickaxe":31,"minecraft:chainmail_helmet":1,"minecraft:white_wool":1,"minecraft:crossbow":1,"waystones:waystone":1,"minecraft:melon_slice":2,"minecraft:bread":64,"tombstone:grave_key":2,"minecraft:soul_lantern":1,"minecraft:chainmail_boots":2,"minecraft:birch_log":4,"minecraft:oak_boat":1,"minecraft:stone_sword":40,"minecraft:armor_stand":4,"minecraft:dirt":10,"minecraft:chainmail_chestplate":1,"minecraft:iron_axe":190,"tombstone:gift":3,"minecraft:cooked_beef":3,"minecraft:acacia_planks":13,"minecraft:wheat_seeds":130,"minecraft:cooked_mutton":5,"minecraft:acacia_boat":3,"minecraft:crafting_table":13,"quark:acacia_chest":2,"minecraft:smoker":1,"minecraft:iron_pickaxe":90,"spartanweaponry:wooden_club":7,"minecraft:stone_axe":115,"minecraft:cobblestone":20,"minecraft:cooked_porkchop":4,"minecraft:yellow_bed":3,"quark:oak_chest":10,"minecraft:chainmail_leggings":2},"minecraft:custom":{"minecraft:interact_with_crafting_table":23,"minecraft:open_barrel":5,"minecraft:leave_game":3,"minecraft:time_since_death":24157,"minecraft:damage_resisted":0,"minecraft:sprint_one_cm":915292,"minecraft:drop":60,"minecraft:talked_to_villager":15,"minecraft:play_time":173322,"minecraft:deaths":4,"minecraft:jump":3439,"minecraft:walk_on_water_one_cm":26240,"minecraft:interact_with_furnace":7,"minecraft:interact_with_cartography_table":2,"minecraft:sleep_in_bed":2,"minecraft:waystone_activated":2,"minecraft:damage_dealt":14474,"minecraft:crouch_one_cm":5120,"tombstone:undead_killed":40,"minecraft:interact_with_smoker":6,"minecraft:inspect_dispenser":1,"minecraft:interact_with_smithing_table":3,"minecraft:mob_kills":96,"minecraft:damage_dealt_resisted":641,"minecraft:climb_one_cm":8636,"minecraft:walk_one_cm":369500,"minecraft:sneak_time":5467,"minecraft:walk_under_water_one_cm":7609,"minecraft:boat_one_cm":178065,"minecraft:total_world_time":173322,"tombstone:raider_killed":3,"minecraft:time_since_rest":22100,"minecraft:damage_taken":4046,"minecraft:damage_absorbed":880,"minecraft:trigger_trapped_chest":2,"minecraft:swim_one_cm":31036,"minecraft:fly_one_cm":806736,"minecraft:open_chest":102,"minecraft:fall_one_cm":106447},"minecraft:picked_up":{"irons_spellbooks:scroll":1,"goblins_tyranny:mossy_hut_logs":1,"minecraft:wheat":440,"minecraft:chainmail_boots":5,"minecraft:flower_pot":3,"minecraft:diamond_sword":1,"goblins_tyranny:mug":2,"minecraft:enchanted_book":4,"minecraft:stone_brick_stairs":1,"minecraft:brewing_stand":2,"paraglider:goddess_statue":4,"minecraft:string":37,"minecraft:armor_stand":7,"minecraft:iron_leggings":1,"minecraft:sticky_piston":4,"goblins_tyranny:goat_stool":1,"minecraft:experience_bottle":4,"minecraft:beetroot":1,"minecraft:gold_nugget":2,"minecraft:comparator":2,"minecraft:spruce_planks":17,"minecraft:iron_pickaxe":2,"minecraft:melon_slice":14,"irons_spellbooks:inscription_table":1,"minecraft:iron_boots":1,"minecraft:furnace":1,"minecraft:stick":10,"apotheosis:gem":19,"minecraft:oak_fence":3,"minecraft:torch":1,"minecraft:acacia_log":4,"minecraft:spruce_stairs":4,"minecraft:porkchop":23,"tombstone:grave_dust":5,"minecraft:stone_sword":1,"minecraft:rotten_flesh":56,"farmersdelight:onion":11,"minecraft:iron_block":2,"alexsmobs:emu_egg":1,"minecraft:iron_bars":3,"minecraft:cobblestone":48,"minecraft:birch_log":60,"minecraft:leather_chestplate":4,"minecraft:feather":5,"minecraft:cooked_beef":3,"minecraft:repeater":6,"minecraft:smoker":2,"minecraft:potato":15,"minecraft:acacia_boat":2,"minecraft:map":1,"minecraft:dirt":23,"minecraft:lantern":3,"minecraft:bone":5,"minecraft:acacia_planks":2,"minecraft:bow":1,"minecraft:wheat_seeds":1028,"minecraft:bamboo":50,"minecraft:oak_planks":6,"minecraft:lily_of_the_valley":2,"minecraft:barrel":1,"minecraft:bundle":1,"minecraft:sugar":1,"minecraft:diamond":3,"minecraft:soul_lantern":1,"minecraft:writable_book":1,"waystones:waystone":1,"biomemakeover:brown_tapestry":1,"knightquest:small_essence":10,"minecraft:crossbow":1,"minecraft:bread":1,"minecraft:chainmail_helmet":3,"minecraft:emerald":10,"minecraft:oak_sapling":1,"minecraft:charcoal":28,"minecraft:crafting_table":9,"minecraft:allium":16,"minecraft:firework_star":1,"minecraft:chicken":4,"minecraft:redstone_lamp":8,"minecraft:golden_pickaxe":1,"minecraft:leather_leggings":2,"minecraft:brown_mushroom":64,"minecraft:wooden_pickaxe":1,"minecraft:stone_brick_wall":2,"biomemakeover:ancient_oak_log":2,"minecraft:iron_axe":1,"minecraft:item_frame":17,"minecraft:white_carpet":1,"minecraft:iron_shovel":1,"minecraft:candle":4,"minecraft:beef":5,"minecraft:player_head":1,"minecraft:light_gray_wool":1,"minecraft:spruce_slab":7,"minecraft:lectern":1,"minecraft:sugar_cane":12,"minecraft:spruce_trapdoor":7,"minecraft:phantom_membrane":1,"minecraft:egg":3,"minecraft:spruce_fence":1,"farmersdelight:tomato_seeds":1,"minecraft:cookie":1,"minecraft:carrot":21,"minecraft:redstone":5,"minecraft:dark_oak_planks":1,"goblins_tyranny:goblins_meat":1,"minecraft:arrow":3,"minecraft:beetroot_seeds":2,"minecraft:pumpkin_pie":1,"quark:acacia_chest":4,"minecraft:diamond_boots":2,"relics:arrow_quiver":1,"minecraft:hay_block":48,"minecraft:gold_ingot":9,"minecraft:mutton":27,"minecraft:white_wool":13,"minecraft:skeleton_skull":1,"minecraft:leather":2,"quark:blue_shard":34,"minecraft:crimson_fungus":32,"minecraft:oak_log":58,"minecraft:chainmail_chestplate":4,"minecraft:yellow_bed":4,"minecraft:paper":7,"minecraft:white_banner":1,"goblins_tyranny:hut_logs":1,"minecraft:cooked_mutton":7,"irons_spellbooks:common_ink":1,"minecraft:apple":9,"minecraft:stone_bricks":77,"goblins_tyranny:wolf_stool":1,"minecraft:iron_ingot":8,"minecraft:iron_sword":2,"minecraft:book":135,"minecraft:scaffolding":1,"minecraft:oak_slab":18,"minecraft:daylight_detector":5,"minecraft:dandelion":1,"minecraft:white_bed":1,"quark:oak_chest":5,"minecraft:leather_helmet":3,"minecraft:firework_rocket":1,"goblins_tyranny:coin":13,"minecraft:slime_ball":3,"minecraft:honey_block":20,"minecraft:chainmail_leggings":2,"minecraft:ender_pearl":2}},"DataVersion":3465}