{"stats":{"minecraft:killed_by":{"minecraft:vindicator":1,"minecraft:zombie":1,"minecraft:vex":1},"minecraft:crafted":{"minecraft:oak_planks":156,"biomemakeover:ancient_oak_planks":8,"spartanshields:wooden_tower_shield":1,"tombstone:grave_key":1,"minecraft:smoker":1,"minecraft:wooden_shovel":1,"minecraft:emerald":9,"minecraft:cooked_porkchop":8,"waystones:return_scroll":6,"minecraft:crafting_table":8,"minecraft:wooden_pickaxe":2,"spartanweaponry:wooden_club":1,"minecraft:birch_planks":32,"minecraft:purple_dye":4,"quark:oak_chest":8,"minecraft:stick":30,"minecraft:iron_ingot":9,"minecraft:stone_sword":1,"minecraft:stone_shovel":1,"minecraft:furnace":1,"irons_spellbooks:graybeard_staff":1,"minecraft:stone_pickaxe":2,"minecraft:red_dye":4,"minecraft:iron_sword":1,"minecraft:stone_axe":3,"minecraft:acacia_boat":1,"minecraft:bread":36,"minecraft:air":0,"minecraft:blue_dye":2,"minecraft:oak_boat":1,"minecraft:gold_nugget":27,"minecraft:acacia_planks":16,"minecraft:torch":32},"minecraft:dropped":{"minecraft:iron_sword":1,"minecraft:birch_planks":92,"minecraft:baked_potato":1,"minecraft:crafting_table":2,"minecraft:crossbow":1,"minecraft:lantern":1,"minecraft:mossy_stone_brick_stairs":1,"minecraft:leather_helmet":1,"minecraft:dirt":2,"quark:acacia_chest":1,"minecraft:gold_nugget":37,"spartanweaponry:iron_katana":2,"minecraft:phantom_membrane":1,"minecraft:sugar":1,"minecraft:iron_pickaxe":2,"minecraft:polished_blackstone_slab":2,"minecraft:white_wool":1,"minecraft:wheat":8,"minecraft:rotten_flesh":62,"minecraft:oak_planks":3,"minecraft:carrot":2,"minecraft:chainmail_chestplate":1,"minecraft:firework_star":1,"minecraft:honey_block":9,"born_in_chaos_v1:corpse_maggot":1,"apotheosis:gem":2,"minecraft:chainmail_boots":1,"farmersdelight:rope":1,"minecraft:arrow":53,"minecraft:stone_brick_stairs":1,"minecraft:oak_slab":18,"minecraft:wheat_seeds":204,"minecraft:feather":1,"minecraft:oak_fence":1,"minecraft:iron_helmet":3,"minecraft:cobblestone":42,"minecraft:spruce_stairs":1,"minecraft:chainmail_helmet":1,"minecraft:polished_andesite":2,"goblins_tyranny:mossy_hut_logs":1,"minecraft:stick":13,"spartanweaponry:iron_flanged_mace":1,"tombstone:magic_scroll":1,"minecraft:torch":38,"minecraft:zombie_head":1,"spartanweaponry:iron_greatsword":1,"tombstone:grave_dust":1,"irons_spellbooks:common_ink":1,"minecraft:red_dye":2,"minecraft:mossy_cobblestone_stairs":1,"minecraft:paper":22,"minecraft:dandelion":1,"minecraft:redstone":1,"minecraft:player_head":1,"minecraft:stone_sword":4,"minecraft:smooth_stone_slab":1,"minecraft:sticky_piston":4,"minecraft:experience_bottle":3,"minecraft:chicken":2,"minecraft:white_carpet":1,"minecraft:light_gray_wool":1,"goblins_tyranny:hut_logs":1,"minecraft:pumpkin_seeds":1,"minecraft:filled_map":1,"minecraft:flower_pot":1,"realmrpg_creep:creeping_sprout":2,"minecraft:bundle":1,"minecraft:spruce_trapdoor":9,"minecraft:spruce_planks":14,"minecraft:oak_sapling":3,"minecraft:stone_bricks":29},"minecraft:used":{"minecraft:iron_sword":473,"minecraft:honey_block":13,"minecraft:iron_helmet":2,"minecraft:stone_bricks":30,"biomemakeover:ancient_oak_planks":8,"minecraft:hay_block":8,"minecraft:oak_planks":21,"minecraft:stone_pickaxe":21,"minecraft:wooden_pickaxe":31,"minecraft:chainmail_helmet":1,"minecraft:white_wool":1,"minecraft:crossbow":1,"waystones:waystone":1,"minecraft:melon_slice":2,"minecraft:bread":81,"tombstone:grave_key":2,"minecraft:soul_lantern":1,"minecraft:diamond_sword":112,"minecraft:chainmail_boots":2,"minecraft:birch_log":4,"minecraft:oak_boat":1,"minecraft:experience_bottle":3,"minecraft:trident":7,"minecraft:carved_pumpkin":1,"minecraft:stone_sword":159,"minecraft:armor_stand":4,"minecraft:torch":43,"minecraft:brewing_stand":1,"minecraft:dirt":10,"minecraft:chainmail_chestplate":1,"farmersdelight:rope":1,"minecraft:iron_axe":221,"tombstone:gift":5,"minecraft:cooked_beef":3,"minecraft:acacia_planks":13,"minecraft:wheat_seeds":130,"minecraft:cooked_mutton":5,"minecraft:acacia_boat":3,"minecraft:amethyst_block":1,"minecraft:birch_planks":1,"minecraft:crafting_table":18,"quark:acacia_chest":2,"minecraft:smoker":1,"spartanweaponry:iron_battleaxe":93,"minecraft:iron_pickaxe":414,"spartanweaponry:wooden_club":7,"minecraft:stone_axe":115,"minecraft:cobblestone":109,"minecraft:cooked_porkchop":4,"minecraft:yellow_bed":3,"quark:oak_chest":10,"minecraft:chainmail_leggings":2},"minecraft:custom":{"lootr:looted_stat":10,"minecraft:interact_with_crafting_table":29,"minecraft:open_barrel":5,"minecraft:leave_game":7,"minecraft:time_since_death":90291,"minecraft:damage_resisted":0,"minecraft:sprint_one_cm":1095112,"minecraft:drop":127,"minecraft:talked_to_villager":15,"minecraft:play_time":239456,"minecraft:deaths":4,"minecraft:jump":4192,"minecraft:interact_with_brewingstand":2,"minecraft:walk_on_water_one_cm":36403,"minecraft:interact_with_furnace":7,"minecraft:interact_with_cartography_table":2,"minecraft:sleep_in_bed":2,"minecraft:waystone_activated":2,"minecraft:damage_dealt":28913,"minecraft:crouch_one_cm":14963,"tombstone:undead_killed":96,"minecraft:interact_with_smoker":6,"minecraft:inspect_dispenser":1,"minecraft:interact_with_smithing_table":3,"minecraft:mob_kills":187,"minecraft:damage_dealt_resisted":850,"minecraft:climb_one_cm":12628,"minecraft:walk_one_cm":490364,"minecraft:sneak_time":11536,"minecraft:walk_under_water_one_cm":17051,"minecraft:boat_one_cm":178065,"minecraft:total_world_time":239456,"tombstone:raider_killed":4,"minecraft:time_since_rest":88234,"minecraft:damage_taken":4445,"minecraft:damage_absorbed":1302,"minecraft:trigger_trapped_chest":2,"minecraft:swim_one_cm":58747,"minecraft:fly_one_cm":919505,"minecraft:open_chest":102,"minecraft:fall_one_cm":122025},"minecraft:picked_up":{"irons_spellbooks:scroll":1,"goblins_tyranny:mossy_hut_logs":1,"minecraft:wheat":440,"minecraft:chainmail_boots":5,"minecraft:flower_pot":3,"minecraft:diamond_sword":1,"goblins_tyranny:mug":2,"minecraft:enchanted_book":5,"minecraft:stone_brick_stairs":2,"minecraft:brewing_stand":3,"minecraft:amethyst_block":1,"spartanweaponry:iron_katana":2,"paraglider:goddess_statue":4,"minecraft:string":37,"minecraft:sticky_piston":4,"goblins_tyranny:goat_stool":1,"minecraft:smooth_stone_slab":1,"minecraft:iron_leggings":2,"minecraft:armor_stand":7,"minecraft:zombie_head":1,"minecraft:experience_bottle":7,"minecraft:beetroot":1,"minecraft:gold_nugget":16,"minecraft:comparator":2,"minecraft:spruce_planks":19,"minecraft:rose_bush":2,"minecraft:iron_pickaxe":3,"minecraft:melon_slice":14,"spartanweaponry:iron_flanged_mace":1,"irons_spellbooks:inscription_table":1,"minecraft:furnace":1,"minecraft:iron_boots":1,"minecraft:stick":14,"apotheosis:gem":21,"minecraft:oak_fence":3,"minecraft:torch":40,"minecraft:acacia_log":4,"minecraft:spruce_stairs":4,"minecraft:porkchop":23,"tombstone:grave_dust":10,"minecraft:stone_sword":4,"minecraft:rotten_flesh":89,"farmersdelight:onion":11,"minecraft:iron_block":2,"minecraft:carved_pumpkin":1,"minecraft:cyan_terracotta":2,"alexsmobs:emu_egg":1,"farmersdelight:rope":1,"minecraft:iron_bars":3,"minecraft:cobblestone":178,"minecraft:birch_log":67,"minecraft:leather_chestplate":4,"minecraft:cooked_beef":3,"minecraft:feather":5,"minecraft:repeater":6,"spartanweaponry:iron_battleaxe":1,"minecraft:smoker":2,"minecraft:potato":15,"minecraft:acacia_boat":2,"minecraft:map":1,"minecraft:dirt":23,"minecraft:lantern":3,"minecraft:bone":5,"minecraft:acacia_planks":2,"minecraft:bow":1,"spartanweaponry:iron_greatsword":1,"minecraft:wheat_seeds":1028,"minecraft:bamboo":50,"minecraft:oak_planks":6,"minecraft:mossy_stone_brick_stairs":1,"minecraft:polished_blackstone_slab":2,"minecraft:cyan_bed":1,"minecraft:lily_of_the_valley":2,"minecraft:barrel":1,"minecraft:bundle":1,"minecraft:polished_andesite":2,"minecraft:sugar":1,"minecraft:diamond":3,"biomemakeover:brown_tapestry":1,"minecraft:soul_lantern":1,"waystones:waystone":1,"minecraft:writable_book":1,"minecraft:crossbow":1,"knightquest:small_essence":23,"minecraft:emerald":10,"minecraft:chainmail_helmet":4,"minecraft:bread":1,"minecraft:oak_sapling":1,"minecraft:charcoal":28,"minecraft:crafting_table":14,"minecraft:allium":16,"minecraft:firework_star":1,"minecraft:chicken":4,"minecraft:leather_leggings":2,"minecraft:golden_pickaxe":1,"minecraft:redstone_lamp":8,"minecraft:brown_mushroom":64,"minecraft:wooden_pickaxe":1,"minecraft:stone_brick_wall":2,"biomemakeover:ancient_oak_log":2,"minecraft:iron_axe":1,"minecraft:item_frame":17,"minecraft:white_carpet":2,"minecraft:iron_shovel":1,"minecraft:candle":4,"minecraft:beef":5,"minecraft:player_head":1,"minecraft:spruce_slab":7,"minecraft:light_gray_wool":1,"minecraft:lectern":1,"minecraft:sugar_cane":12,"minecraft:spruce_trapdoor":7,"minecraft:phantom_membrane":1,"minecraft:egg":3,"minecraft:spruce_fence":1,"farmersdelight:tomato_seeds":1,"minecraft:cookie":1,"minecraft:carrot":22,"minecraft:redstone":5,"minecraft:dark_oak_planks":1,"goblins_tyranny:goblins_meat":1,"minecraft:arrow":57,"minecraft:beetroot_seeds":2,"minecraft:pumpkin_pie":1,"quark:acacia_chest":4,"minecraft:diamond_boots":2,"relics:arrow_quiver":1,"minecraft:hay_block":48,"minecraft:gold_ingot":9,"minecraft:mutton":27,"minecraft:white_wool":13,"minecraft:skeleton_skull":2,"born_in_chaos_v1:corpse_maggot":3,"minecraft:leather":4,"realmrpg_creep:creeping_sprout":2,"minecraft:birch_planks":81,"quark:blue_shard":34,"minecraft:crimson_fungus":32,"minecraft:oak_log":58,"minecraft:chainmail_chestplate":4,"minecraft:yellow_bed":4,"goblins_tyranny:hut_logs":1,"minecraft:paper":12,"minecraft:white_banner":1,"tombstone:gift":1,"minecraft:cooked_mutton":7,"irons_spellbooks:common_ink":1,"minecraft:stone_bricks":77,"minecraft:apple":9,"goblins_tyranny:wolf_stool":1,"minecraft:iron_ingot":8,"minecraft:iron_sword":2,"minecraft:book":135,"minecraft:scaffolding":1,"minecraft:oak_slab":18,"minecraft:emerald_block":1,"minecraft:daylight_detector":5,"minecraft:dandelion":1,"minecraft:amethyst_shard":4,"minecraft:white_bed":1,"quark:oak_chest":5,"minecraft:leather_helmet":4,"minecraft:firework_rocket":1,"minecraft:pumpkin_seeds":1,"goblins_tyranny:coin":13,"minecraft:slime_ball":3,"minecraft:honey_block":25,"minecraft:chainmail_leggings":2,"minecraft:iron_helmet":1,"minecraft:mossy_cobblestone_stairs":1,"tombstone:magic_scroll":1,"minecraft:baked_potato":1,"minecraft:ender_pearl":2},"minecraft:mined":{"minecraft:dark_oak_planks":1,"minecraft:large_amethyst_bud":1,"minecraft:spruce_planks":2,"minecraft:white_bed":1,"minecraft:cobblestone_stairs":3,"minecraft:brewing_stand":3,"goblins_tyranny:hut_logs":1,"minecraft:spruce_trapdoor":2,"minecraft:granite":19,"minecraft:acacia_log":5,"minecraft:grass_block":15,"minecraft:spawner":1,"minecraft:smooth_stone":1,"minecraft:mossy_cobblestone_slab":1,"minecraft:mossy_cobblestone_stairs":4,"minecraft:barrel":1,"goblins_tyranny:coin_barrel":1,"minecraft:small_amethyst_bud":1,"minecraft:iron_bars":3,"minecraft:iron_block":2,"minecraft:player_head":1,"minecraft:piston_head":4,"minecraft:cyan_terracotta":4,"minecraft:melon_stem":1,"minecraft:medium_amethyst_bud":1,"minecraft:smoker":2,"goblins_tyranny:wolf_stool":1,"minecraft:amethyst_cluster":1,"minecraft:blue_stained_glass":14,"minecraft:soul_lantern":1,"minecraft:torch":1,"biomemakeover:brown_wall_tapestry":1,"minecraft:melon":2,"minecraft:white_stained_glass_pane":5,"minecraft:dead_bush":1,"minecraft:cobblestone":31,"minecraft:cyan_bed":1,"minecraft:sugar_cane":3,"minecraft:wall_torch":1,"minecraft:amethyst_block":1,"minecraft:skeleton_skull":3,"minecraft:repeater":8,"minecraft:birch_log":68,"minecraft:wheat":493,"realmrpg_skeletons:acrobat_skeleton":1,"minecraft:tnt":1,"minecraft:stone_brick_stairs":1,"minecraft:smooth_stone_slab":2,"minecraft:grass":30,"minecraft:oak_log":58,"minecraft:beetroots":4,"minecraft:sand":3,"minecraft:dirt":32,"minecraft:oak_leaves":7,"minecraft:daylight_detector":5,"minecraft:emerald_block":1,"minecraft:redstone_lamp":8,"goblins_tyranny:goat_stool":1,"minecraft:mossy_cobblestone":1,"biomemakeover:ancient_oak_log":2,"minecraft:dark_oak_leaves":4,"minecraft:candle":1,"goblins_tyranny:coins_4":1,"minecraft:allium":4,"biomemakeover:itching_ivy":3,"minecraft:spruce_fence":1,"minecraft:redstone_wire":1,"minecraft:yellow_concrete_powder":1,"quark:acacia_chest":4,"minecraft:spruce_leaves":6,"minecraft:hay_block":49,"farmersdelight:wild_onions":10,"minecraft:furnace":1,"minecraft:carrots":20,"minecraft:andesite":19,"goblins_tyranny:mugs_2":1,"minecraft:mossy_stone_brick_stairs":2,"minecraft:bookshelf":49,"minecraft:potatoes":11,"farmersdelight:rope":1,"goblins_tyranny:mossy_hut_logs":1,"minecraft:lantern":1,"minecraft:bamboo":7,"irons_spellbooks:inscription_table":1,"minecraft:stone":241,"minecraft:white_wool":3,"minecraft:oak_slab":6,"minecraft:acacia_leaves":1,"minecraft:scaffolding":1,"minecraft:comparator":1,"quark:oak_chest":5,"minecraft:potted_lily_of_the_valley":2,"minecraft:oak_fence":4,"minecraft:crafting_table":13,"minecraft:honey_block":16,"minecraft:emerald_ore":2,"minecraft:rose_bush":4,"minecraft:lectern":1,"minecraft:campfire":14,"minecraft:copper_ore":1,"minecraft:tall_grass":9,"farmersdelight:wild_tomatoes":2,"minecraft:spruce_stairs":2,"minecraft:coarse_dirt":2,"minecraft:cobblestone_wall":1,"minecraft:polished_blackstone_slab":1,"minecraft:beehive":1,"minecraft:ice":1,"minecraft:white_carpet":2,"minecraft:birch_leaves":5,"minecraft:white_wall_banner":1,"minecraft:yellow_bed":4,"minecraft:coal_ore":6,"minecraft:zombie_head":1,"minecraft:cobweb":38,"minecraft:acacia_planks":2,"minecraft:stone_bricks":46,"minecraft:polished_andesite":5,"minecraft:mossy_stone_bricks":2,"paraglider:goddess_statue":4},"minecraft:broken":{"minecraft:iron_sword":2,"minecraft:iron_axe":1},"minecraft:killed":{"minecraft:spider":3,"minecraft:bee":1,"minecraft:chicken":5,"minecraft:pig":14,"minecraft:sheep":13,"goblins_tyranny:mini_goblin_2":1,"minecraft:pillager":3,"enemyexpansion:meature":2,"minecraft:zombie":92,"born_in_chaos_v1:corpse_fly":1,"goblins_tyranny:mini_goblin_3":1,"minecraft:mooshroom":1,"enemyexpansion:botfly":14,"minecraft:cow":3,"realmrpg_creep:halloweed":1,"minecraft:vindicator":1,"alexsmobs:tasmanian_devil":1,"enemyexpansion:direwolf":1,"born_in_chaos_v1:maggot":13,"minecraft:drowned":1,"enemyexpansion:sprinter":1,"majruszsdifficulty:cursed_armor":1}},"DataVersion":3465}