{"stats":{"minecraft:dropped":{"minecraft:oak_slab":18,"minecraft:wheat_seeds":95,"minecraft:oak_fence":1,"minecraft:feather":1,"minecraft:cobblestone":1,"minecraft:lantern":1,"minecraft:spruce_stairs":1,"goblins_tyranny:mossy_hut_logs":1,"tombstone:grave_dust":1,"minecraft:paper":12,"minecraft:white_wool":1,"minecraft:dandelion":1,"minecraft:sticky_piston":4,"minecraft:wheat":2,"minecraft:rotten_flesh":2,"minecraft:light_gray_wool":1,"goblins_tyranny:hut_logs":1,"minecraft:chainmail_chestplate":1,"minecraft:flower_pot":1,"minecraft:spruce_planks":12,"minecraft:oak_sapling":3,"minecraft:chainmail_boots":1,"minecraft:stone_brick_stairs":1},"minecraft:killed_by":{"minecraft:vindicator":1,"minecraft:vex":1},"minecraft:killed":{"alexsmobs:tasmanian_devil":1,"minecraft:chicken":3,"minecraft:pig":14,"enemyexpansion:sprinter":1,"goblins_tyranny:mini_goblin_2":1,"minecraft:sheep":6,"enemyexpansion:meature":2,"minecraft:zombie":1,"goblins_tyranny:mini_goblin_3":1,"minecraft:cow":1},"minecraft:crafted":{"minecraft:oak_planks":128,"biomemakeover:ancient_oak_planks":8,"spartanshields:wooden_tower_shield":1,"minecraft:furnace":1,"irons_spellbooks:graybeard_staff":1,"minecraft:stone_pickaxe":2,"minecraft:smoker":1,"minecraft:wooden_shovel":1,"minecraft:cooked_porkchop":8,"minecraft:crafting_table":4,"minecraft:wooden_pickaxe":2,"spartanweaponry:wooden_club":1,"minecraft:birch_planks":4,"minecraft:stone_axe":3,"minecraft:air":0,"minecraft:bread":36,"minecraft:stick":28,"quark:oak_chest":6,"minecraft:iron_ingot":9,"minecraft:stone_sword":1},"minecraft:mined":{"minecraft:dark_oak_planks":1,"minecraft:large_amethyst_bud":1,"minecraft:white_bed":1,"goblins_tyranny:goat_stool":1,"minecraft:dark_oak_leaves":4,"biomemakeover:ancient_oak_log":2,"minecraft:candle":1,"goblins_tyranny:coins_4":1,"goblins_tyranny:hut_logs":1,"biomemakeover:itching_ivy":3,"minecraft:allium":4,"minecraft:grass_block":8,"minecraft:spruce_fence":1,"minecraft:redstone_wire":1,"minecraft:yellow_concrete_powder":1,"minecraft:hay_block":11,"farmersdelight:wild_onions":10,"minecraft:furnace":1,"minecraft:carrots":20,"minecraft:barrel":1,"goblins_tyranny:coin_barrel":1,"goblins_tyranny:mugs_2":1,"minecraft:bookshelf":47,"minecraft:potatoes":11,"goblins_tyranny:mossy_hut_logs":1,"minecraft:iron_bars":2,"minecraft:lantern":1,"irons_spellbooks:inscription_table":1,"minecraft:stone":43,"minecraft:iron_block":2,"minecraft:white_wool":3,"minecraft:piston_head":4,"minecraft:oak_slab":6,"minecraft:comparator":1,"quark:oak_chest":4,"minecraft:potted_lily_of_the_valley":2,"minecraft:smoker":2,"goblins_tyranny:wolf_stool":1,"minecraft:oak_fence":4,"minecraft:crafting_table":8,"biomemakeover:brown_wall_tapestry":1,"minecraft:emerald_ore":2,"minecraft:melon":2,"minecraft:white_stained_glass_pane":5,"minecraft:campfire":14,"minecraft:lectern":1,"minecraft:tall_grass":5,"minecraft:cobblestone":4,"minecraft:sugar_cane":3,"minecraft:skeleton_skull":1,"minecraft:spruce_stairs":2,"minecraft:repeater":8,"minecraft:birch_log":60,"minecraft:wheat":377,"minecraft:white_carpet":1,"minecraft:birch_leaves":5,"minecraft:white_wall_banner":1,"minecraft:yellow_bed":4,"minecraft:grass":14,"minecraft:oak_log":53,"minecraft:beetroots":4,"minecraft:dirt":13,"minecraft:cobweb":38,"minecraft:stone_bricks":43,"minecraft:oak_leaves":5,"minecraft:daylight_detector":5,"minecraft:redstone_lamp":8,"paraglider:goddess_statue":4},"minecraft:used":{"minecraft:stone_sword":40,"minecraft:armor_stand":4,"minecraft:iron_sword":11,"minecraft:dirt":7,"minecraft:chainmail_chestplate":1,"minecraft:iron_axe":134,"minecraft:stone_bricks":30,"biomemakeover:ancient_oak_planks":8,"tombstone:gift":1,"minecraft:cooked_beef":3,"minecraft:wheat_seeds":130,"minecraft:cooked_mutton":5,"minecraft:oak_planks":17,"minecraft:stone_pickaxe":21,"minecraft:wooden_pickaxe":31,"minecraft:chainmail_helmet":1,"minecraft:white_wool":1,"minecraft:crafting_table":9,"minecraft:smoker":1,"waystones:waystone":1,"minecraft:bread":24,"minecraft:melon_slice":2,"minecraft:iron_pickaxe":84,"spartanweaponry:wooden_club":7,"minecraft:stone_axe":115,"minecraft:cobblestone":20,"minecraft:chainmail_boots":2,"minecraft:cooked_porkchop":4,"minecraft:birch_log":4,"quark:oak_chest":7,"minecraft:yellow_bed":3,"minecraft:chainmail_leggings":2},"minecraft:custom":{"minecraft:interact_with_smithing_table":1,"minecraft:mob_kills":32,"minecraft:interact_with_crafting_table":17,"minecraft:open_barrel":5,"minecraft:damage_dealt_resisted":0,"minecraft:leave_game":2,"minecraft:time_since_death":10294,"minecraft:damage_resisted":0,"minecraft:climb_one_cm":4721,"minecraft:sprint_one_cm":631523,"minecraft:walk_one_cm":277893,"minecraft:drop":27,"minecraft:talked_to_villager":13,"minecraft:play_time":104474,"minecraft:deaths":3,"minecraft:sneak_time":1966,"minecraft:walk_under_water_one_cm":2990,"minecraft:jump":1835,"minecraft:walk_on_water_one_cm":7929,"minecraft:total_world_time":104474,"minecraft:interact_with_furnace":1,"minecraft:interact_with_cartography_table":2,"minecraft:sleep_in_bed":2,"minecraft:waystone_activated":1,"minecraft:time_since_rest":9120,"minecraft:damage_taken":2452,"minecraft:damage_absorbed":276,"minecraft:trigger_trapped_chest":2,"minecraft:damage_dealt":3899,"minecraft:swim_one_cm":12124,"minecraft:fly_one_cm":428727,"minecraft:open_chest":59,"minecraft:crouch_one_cm":3729,"tombstone:undead_killed":4,"minecraft:interact_with_smoker":5,"minecraft:fall_one_cm":50299},"minecraft:picked_up":{"goblins_tyranny:mossy_hut_logs":1,"minecraft:charcoal":28,"minecraft:allium":16,"minecraft:crafting_table":7,"minecraft:wheat":338,"minecraft:chainmail_boots":5,"minecraft:chicken":3,"minecraft:flower_pot":3,"minecraft:leather_leggings":2,"minecraft:golden_pickaxe":1,"minecraft:redstone_lamp":8,"minecraft:wooden_pickaxe":1,"minecraft:stone_brick_wall":2,"goblins_tyranny:mug":2,"biomemakeover:ancient_oak_log":2,"minecraft:enchanted_book":1,"minecraft:stone_brick_stairs":1,"goblins_tyranny:goat_stool":1,"paraglider:goddess_statue":4,"minecraft:string":37,"minecraft:iron_shovel":1,"minecraft:item_frame":13,"minecraft:sticky_piston":4,"minecraft:armor_stand":7,"minecraft:white_carpet":1,"minecraft:experience_bottle":1,"minecraft:beetroot":1,"minecraft:candle":4,"minecraft:gold_nugget":2,"minecraft:comparator":2,"minecraft:spruce_planks":17,"minecraft:beef":3,"minecraft:spruce_slab":7,"minecraft:iron_pickaxe":2,"minecraft:light_gray_wool":1,"minecraft:lectern":1,"minecraft:melon_slice":14,"minecraft:sugar_cane":12,"irons_spellbooks:inscription_table":1,"minecraft:spruce_trapdoor":5,"minecraft:furnace":1,"minecraft:iron_boots":1,"minecraft:egg":2,"apotheosis:gem":12,"minecraft:oak_fence":3,"minecraft:spruce_stairs":4,"minecraft:spruce_fence":1,"minecraft:porkchop":23,"farmersdelight:tomato_seeds":1,"minecraft:cookie":1,"minecraft:carrot":20,"minecraft:redstone":4,"minecraft:dark_oak_planks":1,"goblins_tyranny:goblins_meat":1,"minecraft:stone_sword":1,"minecraft:arrow":2,"minecraft:rotten_flesh":6,"minecraft:beetroot_seeds":2,"minecraft:pumpkin_pie":1,"farmersdelight:onion":11,"minecraft:diamond_boots":2,"relics:arrow_quiver":1,"minecraft:hay_block":11,"minecraft:iron_block":2,"minecraft:gold_ingot":2,"minecraft:mutton":17,"minecraft:iron_bars":3,"minecraft:skeleton_skull":1,"minecraft:white_wool":7,"minecraft:cobblestone":46,"minecraft:birch_log":60,"minecraft:leather_chestplate":4,"minecraft:cooked_beef":3,"minecraft:feather":4,"minecraft:repeater":6,"minecraft:leather":2,"minecraft:smoker":2,"minecraft:potato":15,"minecraft:oak_log":53,"minecraft:chainmail_chestplate":3,"minecraft:yellow_bed":4,"minecraft:dirt":21,"minecraft:paper":7,"minecraft:lantern":3,"minecraft:white_banner":1,"goblins_tyranny:hut_logs":1,"minecraft:cooked_mutton":7,"goblins_tyranny:wolf_stool":1,"minecraft:stone_bricks":77,"minecraft:apple":9,"minecraft:bow":1,"minecraft:wheat_seeds":919,"minecraft:iron_ingot":4,"minecraft:iron_sword":1,"minecraft:oak_planks":6,"minecraft:book":134,"minecraft:oak_slab":18,"minecraft:daylight_detector":5,"minecraft:dandelion":1,"minecraft:white_bed":1,"minecraft:lily_of_the_valley":2,"quark:oak_chest":4,"minecraft:barrel":1,"minecraft:leather_helmet":3,"minecraft:firework_rocket":1,"goblins_tyranny:coin":13,"minecraft:diamond":2,"biomemakeover:brown_tapestry":1,"waystones:waystone":1,"minecraft:writable_book":1,"minecraft:chainmail_leggings":2,"knightquest:small_essence":2,"minecraft:emerald":4,"minecraft:chainmail_helmet":2,"minecraft:bread":1,"minecraft:oak_sapling":1,"minecraft:ender_pearl":1}},"DataVersion":3465}