{"stats":{"minecraft:killed_by":{"minecraft:vindicator":1,"minecraft:zombie":1,"minecraft:vex":1},"minecraft:crafted":{"minecraft:oak_planks":164,"travelersbackpack:iron":1,"biomemakeover:ancient_oak_planks":8,"spartanshields:wooden_tower_shield":1,"minecraft:glass":14,"tombstone:grave_key":1,"minecraft:smoker":1,"minecraft:wooden_shovel":1,"minecraft:emerald":9,"minecraft:cooked_porkchop":8,"waystones:return_scroll":6,"minecraft:crafting_table":9,"minecraft:wooden_pickaxe":2,"travelersbackpack:standard":1,"spartanweaponry:wooden_club":1,"minecraft:birch_planks":32,"minecraft:diamond_pickaxe":1,"minecraft:purple_dye":4,"minecraft:stick":34,"quark:oak_chest":9,"minecraft:iron_ingot":9,"minecraft:stone_sword":1,"minecraft:stone_shovel":1,"minecraft:furnace":1,"irons_spellbooks:graybeard_staff":1,"travelersbackpack:white_sleeping_bag":1,"minecraft:stone_pickaxe":2,"minecraft:wheat":252,"minecraft:red_dye":4,"travelersbackpack:backpack_tank":2,"minecraft:iron_sword":1,"minecraft:stone_axe":3,"minecraft:acacia_boat":2,"minecraft:bread":120,"minecraft:air":0,"minecraft:blue_dye":2,"minecraft:oak_boat":1,"minecraft:gold_nugget":27,"minecraft:acacia_planks":76,"minecraft:torch":32},"minecraft:dropped":{"minecraft:iron_sword":1,"minecraft:birch_planks":103,"minecraft:baked_potato":1,"minecraft:crafting_table":2,"minecraft:crossbow":1,"minecraft:lantern":1,"minecraft:leather":4,"minecraft:mossy_stone_brick_stairs":1,"gnumus:mouse_skin":4,"minecraft:leather_helmet":1,"minecraft:dirt":7,"quark:acacia_chest":1,"gnumus:gnumus_claw":4,"minecraft:gold_nugget":37,"minecraft:amethyst_shard":4,"spartanweaponry:iron_katana":2,"minecraft:phantom_membrane":1,"minecraft:sugar":1,"minecraft:iron_pickaxe":2,"minecraft:polished_blackstone_slab":2,"minecraft:white_wool":1,"minecraft:wheat":8,"minecraft:rotten_flesh":72,"minecraft:oak_planks":3,"minecraft:cooked_mutton":1,"minecraft:carrot":2,"minecraft:chainmail_chestplate":2,"minecraft:firework_star":1,"minecraft:gunpowder":1,"minecraft:honey_block":9,"born_in_chaos_v1:corpse_maggot":1,"apotheosis:gem":2,"minecraft:chainmail_boots":2,"farmersdelight:rope":4,"gnumus:gnumus_pouch":1,"minecraft:arrow":53,"minecraft:stone_brick_stairs":1,"minecraft:oak_slab":18,"minecraft:wheat_seeds":204,"minecraft:feather":1,"minecraft:oak_fence":1,"minecraft:iron_helmet":3,"minecraft:cobblestone":79,"minecraft:spruce_stairs":1,"minecraft:chainmail_helmet":1,"minecraft:stick":13,"goblins_tyranny:mossy_hut_logs":1,"minecraft:polished_andesite":2,"spartanweaponry:iron_flanged_mace":1,"tombstone:magic_scroll":1,"minecraft:torch":38,"minecraft:zombie_head":1,"spartanweaponry:iron_greatsword":1,"tombstone:grave_dust":1,"irons_spellbooks:common_ink":1,"minecraft:red_dye":2,"minecraft:mossy_cobblestone_stairs":1,"minecraft:paper":22,"minecraft:acacia_planks":20,"minecraft:dandelion":1,"minecraft:redstone":1,"minecraft:player_head":1,"minecraft:stone_sword":4,"minecraft:smooth_stone_slab":1,"minecraft:sticky_piston":4,"minecraft:experience_bottle":3,"minecraft:stone_shovel":1,"minecraft:chicken":2,"minecraft:white_carpet":1,"minecraft:light_gray_wool":1,"goblins_tyranny:hut_logs":1,"minecraft:pumpkin_seeds":1,"minecraft:filled_map":1,"minecraft:flower_pot":1,"minecraft:spruce_planks":14,"minecraft:spruce_trapdoor":9,"realmrpg_creep:creeping_sprout":2,"minecraft:bundle":1,"minecraft:oak_sapling":4,"minecraft:stone_bricks":29,"gnumus:gnumus_cheese":1},"minecraft:used":{"minecraft:iron_shovel":26,"minecraft:iron_sword":473,"travelersbackpack:iron":1,"minecraft:honey_block":13,"minecraft:grass_block":1,"minecraft:iron_helmet":2,"minecraft:stone_bricks":30,"biomemakeover:ancient_oak_planks":8,"minecraft:hay_block":8,"minecraft:diamond_boots":1,"minecraft:oak_planks":21,"minecraft:stone_pickaxe":21,"minecraft:wooden_pickaxe":31,"minecraft:chainmail_helmet":1,"minecraft:white_wool":1,"minecraft:crossbow":6,"waystones:waystone":1,"minecraft:melon_slice":2,"minecraft:bread":107,"tombstone:grave_key":2,"minecraft:soul_lantern":1,"minecraft:diamond_sword":161,"minecraft:chainmail_boots":2,"minecraft:birch_log":4,"minecraft:oak_boat":1,"minecraft:experience_bottle":3,"minecraft:trident":45,"minecraft:armor_stand":4,"minecraft:stone_sword":159,"minecraft:carved_pumpkin":1,"minecraft:stone_shovel":33,"minecraft:torch":58,"minecraft:brewing_stand":2,"minecraft:dirt":12,"minecraft:chainmail_chestplate":2,"farmersdelight:rope":1,"minecraft:iron_axe":292,"tombstone:gift":5,"minecraft:cooked_beef":6,"minecraft:acacia_planks":13,"minecraft:wheat_seeds":130,"minecraft:cooked_mutton":5,"minecraft:acacia_boat":4,"minecraft:amethyst_block":1,"minecraft:birch_planks":1,"minecraft:crafting_table":19,"quark:acacia_chest":2,"minecraft:smoker":1,"spartanweaponry:iron_battleaxe":93,"minecraft:iron_pickaxe":579,"spartanweaponry:wooden_club":7,"minecraft:stone_axe":115,"minecraft:cobblestone":113,"minecraft:cooked_porkchop":5,"minecraft:yellow_bed":3,"quark:oak_chest":11,"minecraft:chainmail_leggings":2},"minecraft:custom":{"lootr:looted_stat":11,"minecraft:interact_with_crafting_table":41,"minecraft:open_barrel":6,"minecraft:leave_game":9,"minecraft:time_since_death":150400,"minecraft:damage_resisted":0,"minecraft:sprint_one_cm":1391943,"minecraft:drop":148,"minecraft:talked_to_villager":16,"minecraft:play_time":299565,"minecraft:deaths":4,"minecraft:jump":5099,"minecraft:interact_with_brewingstand":2,"minecraft:walk_on_water_one_cm":40082,"minecraft:interact_with_furnace":11,"minecraft:interact_with_cartography_table":2,"minecraft:sleep_in_bed":2,"minecraft:waystone_activated":2,"minecraft:damage_dealt":36351,"minecraft:crouch_one_cm":17774,"tombstone:undead_killed":100,"minecraft:interact_with_smoker":8,"minecraft:inspect_dispenser":1,"minecraft:interact_with_smithing_table":6,"minecraft:mob_kills":234,"minecraft:damage_dealt_resisted":1687,"minecraft:climb_one_cm":12664,"minecraft:walk_one_cm":608681,"minecraft:sneak_time":13278,"minecraft:walk_under_water_one_cm":29665,"minecraft:boat_one_cm":200025,"minecraft:interact_with_blast_furnace":7,"minecraft:total_world_time":299565,"tombstone:raider_killed":4,"minecraft:time_since_rest":148343,"minecraft:damage_taken":5779,"minecraft:damage_absorbed":1867,"minecraft:trigger_trapped_chest":2,"minecraft:swim_one_cm":62831,"minecraft:fly_one_cm":1123315,"minecraft:open_chest":176,"minecraft:fall_one_cm":145530},"minecraft:picked_up":{"irons_spellbooks:scroll":1,"goblins_tyranny:mossy_hut_logs":1,"minecraft:wheat":440,"minecraft:chainmail_boots":6,"minecraft:flower_pot":3,"gnumus:gnumus_claw":4,"minecraft:diamond_sword":1,"goblins_tyranny:mug":2,"minecraft:enchanted_book":5,"minecraft:stone_brick_stairs":2,"minecraft:brewing_stand":3,"minecraft:amethyst_block":1,"spartanweaponry:iron_katana":2,"paraglider:goddess_statue":4,"minecraft:string":38,"minecraft:sticky_piston":4,"minecraft:smooth_stone_slab":1,"minecraft:iron_leggings":2,"goblins_tyranny:goat_stool":1,"minecraft:armor_stand":7,"minecraft:experience_bottle":7,"minecraft:zombie_head":1,"minecraft:beetroot":1,"minecraft:sea_pickle":2,"minecraft:gold_nugget":16,"minecraft:comparator":2,"minecraft:spruce_planks":19,"minecraft:rose_bush":2,"minecraft:iron_pickaxe":4,"minecraft:melon_slice":14,"spartanweaponry:iron_flanged_mace":1,"irons_spellbooks:inscription_table":1,"minecraft:furnace":1,"minecraft:iron_boots":1,"minecraft:stick":17,"apotheosis:gem":22,"minecraft:oak_fence":3,"minecraft:torch":40,"minecraft:acacia_log":19,"minecraft:spruce_stairs":4,"minecraft:porkchop":23,"minecraft:pointed_dripstone":18,"tombstone:grave_dust":11,"minecraft:stone_sword":4,"minecraft:rotten_flesh":99,"farmersdelight:onion":11,"minecraft:iron_block":2,"minecraft:carved_pumpkin":1,"minecraft:cyan_terracotta":2,"alexsmobs:emu_egg":1,"farmersdelight:rope":4,"minecraft:iron_bars":3,"minecraft:cobblestone":219,"minecraft:birch_log":71,"gnumus:gnumus_doubloons":5,"minecraft:leather_chestplate":4,"minecraft:cooked_beef":22,"minecraft:feather":5,"minecraft:repeater":6,"spartanweaponry:iron_battleaxe":1,"minecraft:brown_wool":2,"minecraft:smoker":2,"minecraft:potato":15,"minecraft:acacia_boat":2,"minecraft:map":1,"minecraft:dirt":45,"minecraft:lantern":3,"gnumus:gnumus_pouch_2":1,"irons_spellbooks:iron_spell_book":1,"minecraft:bone":9,"minecraft:acacia_planks":22,"minecraft:bow":2,"spartanweaponry:iron_greatsword":1,"minecraft:wheat_seeds":1028,"minecraft:bamboo":50,"minecraft:oak_planks":6,"minecraft:mossy_stone_brick_stairs":1,"spartanshields:iron_tower_shield":1,"minecraft:cooked_porkchop":1,"minecraft:polished_blackstone_slab":2,"minecraft:sand":17,"minecraft:grass_block":1,"minecraft:cyan_bed":1,"minecraft:lily_of_the_valley":2,"minecraft:barrel":1,"minecraft:bundle":1,"minecraft:polished_andesite":2,"minecraft:sugar":1,"minecraft:diamond":3,"biomemakeover:brown_tapestry":1,"minecraft:soul_lantern":1,"waystones:waystone":1,"minecraft:writable_book":1,"minecraft:crossbow":1,"knightquest:small_essence":23,"minecraft:golden_apple":1,"minecraft:emerald":10,"minecraft:chainmail_helmet":4,"minecraft:bread":1,"minecraft:oak_sapling":2,"minecraft:charcoal":28,"minecraft:crafting_table":14,"minecraft:firework_star":1,"minecraft:allium":16,"minecraft:chicken":5,"minecraft:leather_leggings":2,"minecraft:golden_pickaxe":1,"minecraft:redstone_lamp":8,"minecraft:brown_mushroom":64,"minecraft:wooden_pickaxe":1,"minecraft:stone_brick_wall":2,"biomemakeover:ancient_oak_log":2,"minecraft:moss_carpet":1,"minecraft:iron_axe":1,"minecraft:item_frame":17,"minecraft:white_carpet":2,"minecraft:iron_shovel":1,"minecraft:candle":4,"minecraft:beef":8,"minecraft:player_head":1,"minecraft:light_gray_wool":1,"minecraft:spruce_slab":7,"minecraft:lectern":1,"minecraft:sugar_cane":12,"minecraft:spruce_trapdoor":7,"minecraft:phantom_membrane":1,"minecraft:egg":4,"minecraft:raw_iron":16,"minecraft:spruce_fence":1,"farmersdelight:tomato_seeds":1,"minecraft:cookie":1,"minecraft:carrot":22,"minecraft:redstone":5,"minecraft:dark_oak_planks":1,"goblins_tyranny:goblins_meat":1,"minecraft:arrow":57,"minecraft:beetroot_seeds":2,"minecraft:pumpkin_pie":1,"quark:acacia_chest":4,"minecraft:diamond_boots":2,"relics:arrow_quiver":1,"minecraft:hay_block":48,"minecraft:gold_ingot":9,"gnumus:mouse_skin":4,"minecraft:mutton":35,"minecraft:skeleton_skull":2,"minecraft:white_wool":22,"born_in_chaos_v1:corpse_maggot":3,"minecraft:leather":14,"gnumus:gnumus_pouch":1,"realmrpg_creep:creeping_sprout":3,"minecraft:birch_planks":92,"quark:blue_shard":34,"minecraft:crimson_fungus":32,"minecraft:oak_log":63,"minecraft:chainmail_chestplate":4,"minecraft:yellow_bed":4,"minecraft:gunpowder":4,"goblins_tyranny:hut_logs":1,"minecraft:paper":12,"minecraft:white_banner":1,"tombstone:gift":1,"minecraft:cooked_mutton":13,"irons_spellbooks:common_ink":1,"minecraft:stone_bricks":77,"minecraft:apple":9,"goblins_tyranny:wolf_stool":1,"minecraft:iron_ingot":32,"minecraft:iron_sword":2,"minecraft:book":135,"minecraft:scaffolding":1,"minecraft:oak_slab":18,"minecraft:emerald_block":1,"minecraft:daylight_detector":5,"minecraft:dandelion":1,"minecraft:amethyst_shard":4,"gnumus:gnumus_cheese":1,"minecraft:white_bed":1,"quark:oak_chest":5,"minecraft:leather_helmet":4,"minecraft:firework_rocket":1,"minecraft:pumpkin_seeds":1,"goblins_tyranny:coin":13,"minecraft:slime_ball":3,"minecraft:honey_block":25,"minecraft:chainmail_leggings":2,"minecraft:iron_helmet":1,"minecraft:mossy_cobblestone_stairs":1,"minecraft:baked_potato":1,"tombstone:magic_scroll":1,"minecraft:coal":4,"minecraft:ender_pearl":3},"minecraft:mined":{"minecraft:dark_oak_planks":1,"minecraft:large_amethyst_bud":1,"minecraft:spruce_planks":2,"minecraft:white_bed":1,"minecraft:cobblestone_stairs":3,"minecraft:brewing_stand":3,"goblins_tyranny:hut_logs":1,"minecraft:spruce_trapdoor":2,"minecraft:granite":19,"minecraft:grass_block":39,"minecraft:acacia_log":22,"minecraft:spawner":1,"minecraft:smooth_stone":1,"minecraft:mossy_cobblestone_slab":1,"minecraft:mossy_cobblestone_stairs":4,"minecraft:iron_ore":16,"minecraft:barrel":1,"goblins_tyranny:coin_barrel":1,"minecraft:pointed_dripstone":5,"minecraft:small_amethyst_bud":1,"minecraft:iron_bars":3,"minecraft:iron_block":2,"minecraft:player_head":1,"minecraft:piston_head":4,"minecraft:cyan_terracotta":4,"minecraft:melon_stem":1,"minecraft:medium_amethyst_bud":1,"minecraft:smoker":2,"goblins_tyranny:wolf_stool":1,"minecraft:amethyst_cluster":1,"minecraft:blue_stained_glass":14,"minecraft:soul_lantern":1,"minecraft:torch":1,"biomemakeover:brown_wall_tapestry":1,"minecraft:melon":2,"minecraft:white_stained_glass_pane":5,"minecraft:dead_bush":1,"minecraft:cobblestone":31,"minecraft:cyan_bed":1,"minecraft:sugar_cane":3,"minecraft:wall_torch":1,"minecraft:amethyst_block":1,"minecraft:skeleton_skull":3,"minecraft:repeater":8,"minecraft:birch_log":73,"minecraft:wheat":493,"minecraft:tnt":1,"realmrpg_skeletons:acrobat_skeleton":1,"minecraft:stone_brick_stairs":1,"minecraft:smooth_stone_slab":2,"minecraft:grass":31,"minecraft:oak_log":62,"minecraft:beetroots":4,"minecraft:dirt":51,"minecraft:sand":21,"minecraft:oak_leaves":14,"minecraft:daylight_detector":5,"minecraft:emerald_block":1,"minecraft:redstone_lamp":8,"minecraft:dark_oak_leaves":4,"goblins_tyranny:goat_stool":1,"minecraft:mossy_cobblestone":1,"biomemakeover:ancient_oak_log":2,"minecraft:candle":1,"goblins_tyranny:coins_4":1,"minecraft:glow_lichen":1,"minecraft:allium":4,"biomemakeover:itching_ivy":3,"minecraft:spruce_fence":1,"minecraft:redstone_wire":1,"minecraft:yellow_concrete_powder":1,"quark:acacia_chest":4,"minecraft:spruce_leaves":6,"minecraft:hay_block":49,"farmersdelight:wild_onions":10,"minecraft:furnace":1,"minecraft:carrots":20,"minecraft:andesite":19,"goblins_tyranny:mugs_2":1,"minecraft:mossy_stone_brick_stairs":2,"minecraft:bookshelf":49,"minecraft:potatoes":11,"farmersdelight:rope":1,"goblins_tyranny:mossy_hut_logs":1,"minecraft:lantern":1,"minecraft:bamboo":7,"irons_spellbooks:inscription_table":1,"minecraft:stone":358,"minecraft:white_wool":3,"minecraft:oak_slab":6,"minecraft:acacia_leaves":1,"minecraft:scaffolding":1,"minecraft:comparator":1,"quark:oak_chest":5,"minecraft:potted_lily_of_the_valley":2,"minecraft:oak_fence":4,"minecraft:crafting_table":13,"minecraft:honey_block":16,"minecraft:emerald_ore":2,"minecraft:rose_bush":4,"minecraft:lectern":1,"minecraft:campfire":14,"minecraft:copper_ore":1,"minecraft:tall_grass":9,"farmersdelight:wild_tomatoes":2,"minecraft:spruce_stairs":2,"minecraft:coarse_dirt":2,"minecraft:cobblestone_wall":1,"minecraft:polished_blackstone_slab":1,"minecraft:beehive":1,"minecraft:ice":1,"minecraft:white_carpet":2,"minecraft:birch_leaves":6,"minecraft:white_wall_banner":1,"minecraft:yellow_bed":4,"minecraft:coal_ore":11,"minecraft:zombie_head":1,"minecraft:dripstone_block":20,"minecraft:cobweb":38,"minecraft:acacia_planks":2,"minecraft:polished_andesite":5,"minecraft:stone_bricks":46,"minecraft:mossy_stone_bricks":2,"paraglider:goddess_statue":4},"minecraft:broken":{"minecraft:iron_sword":2,"minecraft:iron_axe":1,"minecraft:iron_pickaxe":1},"minecraft:killed":{"born_in_chaos_v1:skeleton_demoman":1,"minecraft:spider":4,"minecraft:skeleton":1,"minecraft:bee":1,"minecraft:chicken":7,"minecraft:pig":15,"realmrpg_creep:creepling":1,"seadwellers:mermorph_hunter":1,"minecraft:creeper":1,"minecraft:sheep":22,"goblins_tyranny:mini_goblin_2":1,"minecraft:pillager":3,"enemyexpansion:meature":2,"minecraft:zombie":93,"born_in_chaos_v1:corpse_fly":1,"minecraft:mooshroom":1,"goblins_tyranny:mini_goblin_3":1,"enemyexpansion:botfly":16,"enemyexpansion:wasp":1,"minecraft:cow":16,"realmrpg_creep:halloweed":1,"minecraft:vindicator":1,"alexsmobs:tasmanian_devil":1,"enemyexpansion:direwolf":1,"born_in_chaos_v1:maggot":13,"minecraft:horse":1,"gnumus:gnumus_hunter":3,"minecraft:drowned":1,"born_in_chaos_v1:corpse_fish":1,"minecraft:husk":1,"alexsmobs:skunk":1,"enemyexpansion:sprinter":1,"majruszsdifficulty:cursed_armor":1,"minecraft:enderman":1}},"DataVersion":3465}