{"stats":{"minecraft:killed_by":{"minecraft:vindicator":1,"minecraft:zombie":2,"minecraft:pillager":1,"enemyexpansion:meature":1},"minecraft:crafted":{"minecraft:cooked_beef":4,"minecraft:red_dye":28,"minecraft:wooden_sword":1,"minecraft:oak_planks":114,"minecraft:crafting_table":2,"minecraft:cooked_chicken":1,"spartanshields:wooden_tower_shield":1,"spartanweaponry:cestus":1,"minecraft:furnace":1,"spartanweaponry:handle":4,"minecraft:cooked_salmon":1,"minecraft:bone_meal":9,"minecraft:cooked_mutton":1,"minecraft:white_dye":9,"minecraft:stick":12,"spartanweaponry:stone_warhammer":1,"minecraft:stone_pickaxe":1,"minecraft:wooden_axe":1,"spartanweaponry:wooden_tomahawk":1,"spartanweaponry:wooden_arrow":4},"minecraft:picked_up":{"minecraft:crafting_table":2,"minecraft:feather":5,"minecraft:chainmail_boots":1,"spartanweaponry:handle":2,"minecraft:chicken":4,"minecraft:turtle_helmet":1,"minecraft:salmon":1,"minecraft:leather":1,"minecraft:oak_log":29,"minecraft:gunpowder":6,"minecraft:dirt":2,"minecraft:wooden_sword":2,"biomemakeover:crude_fragment":4,"minecraft:zombie_head":1,"minecraft:experience_bottle":1,"minecraft:bone":3,"minecraft:bow":1,"minecraft:beef":2,"minecraft:rose_bush":14,"minecraft:oak_planks":10,"minecraft:egg":1,"minecraft:stick":2,"tombstone:grave_dust":2,"alexsmobs:animal_dictionary":1,"minecraft:bundle":1,"minecraft:arrow":4,"minecraft:rotten_flesh":13,"minecraft:soul_lantern":1,"knightquest:small_essence":3,"minecraft:emerald":1,"minecraft:oak_sapling":2,"minecraft:mutton":3,"minecraft:white_wool":3,"minecraft:cobblestone":22},"minecraft:killed":{"minecraft:zombie_villager":1,"minecraft:salmon":1,"minecraft:vindicator":1,"enemyexpansion:direwolf":2,"minecraft:creeper":1,"minecraft:sheep":3,"minecraft:skeleton":2,"minecraft:pillager":2,"minecraft:zombie":12,"minecraft:chicken":4,"enemyexpansion:goblin":1,"minecraft:cow":1},"minecraft:mined":{"minecraft:oak_sapling":1,"minecraft:soul_lantern":1,"minecraft:crafting_table":1,"minecraft:grass_block":2,"minecraft:rose_bush":15,"minecraft:oak_planks":11,"minecraft:grass":4,"minecraft:oak_log":29,"minecraft:zombie_head":1,"minecraft:stone":13,"minecraft:oak_leaves":5},"minecraft:dropped":{"alexsmobs:animal_dictionary":1,"minecraft:crafting_table":1,"minecraft:rotten_flesh":14,"spartanweaponry:wooden_tomahawk":1,"spartanshields:wooden_tower_shield":1,"minecraft:zombie_head":1,"minecraft:wooden_sword":3,"minecraft:bow":1},"minecraft:used":{"minecraft:cooked_mutton":1,"spartanweaponry:stone_warhammer":53,"spartanweaponry:cestus":51,"minecraft:stone_pickaxe":14,"minecraft:oak_planks":12,"minecraft:cooked_salmon":1,"minecraft:cooked_chicken":1,"minecraft:salmon":1,"minecraft:dirt":2,"spartanweaponry:wooden_tomahawk":21,"minecraft:mutton":2,"minecraft:crafting_table":3,"minecraft:wooden_axe":39,"minecraft:apple":2,"minecraft:chicken":3,"minecraft:soul_lantern":1,"minecraft:wooden_sword":38,"minecraft:bow":6,"minecraft:furnace":1,"minecraft:oak_sapling":2,"tombstone:gift":3,"alexsmobs:animal_dictionary":1,"minecraft:egg":1,"minecraft:cooked_beef":4},"minecraft:custom":{"minecraft:interact_with_furnace":11,"minecraft:mob_kills":31,"tombstone:raider_killed":3,"minecraft:interact_with_crafting_table":12,"minecraft:damage_dealt_resisted":0,"minecraft:leave_game":2,"minecraft:time_since_death":453,"minecraft:time_since_rest":1,"minecraft:sprint_one_cm":260843,"minecraft:damage_taken":2357,"minecraft:walk_one_cm":317737,"minecraft:drop":19,"minecraft:damage_dealt":4534,"minecraft:swim_one_cm":28227,"minecraft:fly_one_cm":129709,"minecraft:open_chest":6,"minecraft:crouch_one_cm":140,"minecraft:play_time":68832,"tombstone:undead_killed":15,"minecraft:deaths":6,"minecraft:sneak_time":107,"minecraft:walk_under_water_one_cm":7559,"minecraft:jump":737,"minecraft:walk_on_water_one_cm":22060,"minecraft:total_world_time":68832,"minecraft:fall_one_cm":20003}},"DataVersion":3465}