{"stats":{"minecraft:killed_by":{"minecraft:vindicator":2,"minecraft:zombie":2,"minecraft:pillager":1,"enemyexpansion:meature":1},"minecraft:crafted":{"minecraft:cooked_beef":4,"minecraft:red_dye":28,"minecraft:wooden_sword":1,"minecraft:oak_planks":114,"minecraft:crafting_table":2,"minecraft:cooked_chicken":1,"spartanshields:wooden_tower_shield":1,"spartanweaponry:cestus":1,"minecraft:furnace":1,"spartanweaponry:handle":4,"minecraft:cooked_salmon":1,"minecraft:bone_meal":9,"minecraft:cooked_mutton":1,"minecraft:white_dye":9,"biomemakeover:crude_cladding":1,"minecraft:stick":12,"spartanweaponry:stone_warhammer":1,"minecraft:stone_pickaxe":1,"minecraft:wooden_axe":1,"spartanweaponry:wooden_tomahawk":1,"spartanweaponry:wooden_arrow":4},"minecraft:dropped":{"spartanweaponry:cestus":1,"alexsmobs:animal_dictionary":1,"minecraft:crafting_table":1,"minecraft:rotten_flesh":14,"spartanweaponry:wooden_tomahawk":1,"spartanshields:wooden_tower_shield":1,"minecraft:zombie_head":1,"minecraft:wooden_sword":3,"minecraft:bow":1},"minecraft:used":{"minecraft:cooked_mutton":1,"spartanweaponry:stone_warhammer":63,"spartanweaponry:cestus":61,"minecraft:stone_pickaxe":22,"minecraft:oak_planks":15,"minecraft:cooked_salmon":1,"minecraft:cooked_chicken":1,"minecraft:salmon":1,"minecraft:dirt":2,"spartanweaponry:wooden_tomahawk":21,"minecraft:mutton":2,"minecraft:crafting_table":3,"minecraft:carrot":8,"minecraft:crossbow":6,"minecraft:wooden_axe":39,"minecraft:apple":3,"minecraft:chicken":3,"minecraft:soul_lantern":1,"minecraft:wooden_sword":38,"minecraft:bow":6,"minecraft:furnace":1,"minecraft:oak_sapling":2,"alexsmobs:animal_dictionary":1,"tombstone:gift":3,"minecraft:egg":1,"minecraft:cooked_beef":4},"minecraft:mined":{"minecraft:oak_sapling":1,"farmersdelight:wild_carrots":8,"minecraft:soul_lantern":1,"minecraft:crafting_table":1,"minecraft:grass_block":2,"minecraft:rose_bush":15,"minecraft:oak_planks":11,"minecraft:light_gray_wool":10,"minecraft:grass":5,"minecraft:oak_log":29,"minecraft:zombie_head":1,"minecraft:stone":21,"minecraft:oak_leaves":5},"minecraft:custom":{"minecraft:interact_with_furnace":11,"minecraft:mob_kills":35,"tombstone:raider_killed":6,"minecraft:interact_with_crafting_table":12,"minecraft:damage_dealt_resisted":12,"minecraft:leave_game":2,"minecraft:time_since_death":12420,"minecraft:climb_one_cm":433,"minecraft:time_since_rest":10785,"minecraft:sprint_one_cm":333826,"minecraft:damage_taken":2802,"minecraft:walk_one_cm":399815,"minecraft:drop":20,"minecraft:damage_dealt":5132,"minecraft:swim_one_cm":31348,"minecraft:fly_one_cm":159921,"minecraft:open_chest":9,"minecraft:crouch_one_cm":1535,"minecraft:play_time":84142,"tombstone:undead_killed":15,"minecraft:deaths":7,"minecraft:sneak_time":325,"minecraft:walk_under_water_one_cm":8854,"minecraft:jump":925,"minecraft:walk_on_water_one_cm":22824,"minecraft:total_world_time":84142,"minecraft:fall_one_cm":24703},"minecraft:picked_up":{"minecraft:crafting_table":2,"spartanweaponry:handle":2,"minecraft:feather":5,"minecraft:chainmail_boots":1,"minecraft:chicken":4,"minecraft:turtle_helmet":1,"minecraft:salmon":1,"minecraft:leather":1,"minecraft:oak_log":29,"minecraft:gunpowder":6,"minecraft:dirt":2,"minecraft:wooden_sword":2,"biomemakeover:crude_fragment":4,"minecraft:bone":3,"minecraft:experience_bottle":1,"minecraft:zombie_head":1,"minecraft:bow":1,"minecraft:beef":2,"minecraft:rose_bush":14,"minecraft:light_gray_wool":8,"minecraft:oak_planks":10,"minecraft:egg":1,"minecraft:stick":2,"minecraft:porkchop":1,"tombstone:grave_dust":2,"minecraft:carrot":8,"alexsmobs:animal_dictionary":1,"minecraft:bundle":1,"minecraft:arrow":6,"minecraft:rotten_flesh":13,"minecraft:soul_lantern":1,"knightquest:small_essence":3,"minecraft:emerald":4,"minecraft:oak_sapling":2,"minecraft:mutton":3,"minecraft:white_wool":3,"minecraft:cobblestone":30},"minecraft:killed":{"minecraft:pig":1,"minecraft:zombie_villager":1,"minecraft:salmon":1,"minecraft:vindicator":1,"enemyexpansion:direwolf":2,"minecraft:creeper":1,"minecraft:sheep":3,"minecraft:skeleton":2,"minecraft:pillager":5,"minecraft:zombie":12,"minecraft:chicken":4,"enemyexpansion:goblin":1,"minecraft:cow":1}},"DataVersion":3465}