{"stats":{"minecraft:killed_by":{"minecraft:pillager":1,"enemyexpansion:meature":1,"minecraft:vindicator":2,"minecraft:zombie":2},"minecraft:crafted":{"minecraft:wooden_sword":1,"minecraft:oak_planks":114,"minecraft:cooked_chicken":1,"spartanshields:wooden_tower_shield":1,"spartanweaponry:cestus":1,"minecraft:furnace":2,"minecraft:bone_meal":9,"minecraft:cooked_mutton":1,"biomemakeover:crude_cladding":1,"spartanweaponry:stone_warhammer":1,"minecraft:stone_pickaxe":1,"spartanweaponry:wooden_tomahawk":1,"minecraft:cooked_beef":4,"minecraft:red_dye":28,"minecraft:crafting_table":3,"spartanweaponry:handle":4,"minecraft:red_wool":7,"minecraft:cooked_salmon":1,"minecraft:light_gray_bed":1,"minecraft:white_dye":9,"minecraft:stick":12,"minecraft:wooden_axe":1,"spartanweaponry:wooden_arrow":4},"minecraft:dropped":{"minecraft:porkchop":1,"minecraft:brown_mushroom":10,"minecraft:crafting_table":1,"minecraft:cobblestone":8,"minecraft:book":21,"minecraft:spruce_stairs":2,"minecraft:item_frame":3,"minecraft:dark_oak_fence":2,"spartanshields:wooden_tower_shield":1,"minecraft:cornflower":1,"biomemakeover:crude_cladding":1,"minecraft:zombie_head":1,"minecraft:wooden_sword":3,"minecraft:trapped_chest":1,"minecraft:white_wool":1,"spartanweaponry:cestus":1,"alexsmobs:animal_dictionary":2,"minecraft:cobblestone_wall":7,"minecraft:rotten_flesh":14,"minecraft:oak_planks":10,"minecraft:name_tag":1,"minecraft:lily_of_the_valley":2,"spartanweaponry:wooden_tomahawk":1,"minecraft:flower_pot":3,"minecraft:spruce_trapdoor":1,"minecraft:spruce_planks":10,"minecraft:stone_brick_wall":3,"minecraft:stone_bricks":45,"minecraft:spruce_slab":7,"minecraft:white_dye":33,"minecraft:iron_bars":1,"minecraft:bow":1,"minecraft:stone_brick_stairs":7},"minecraft:used":{"spartanweaponry:stone_warhammer":77,"spartanweaponry:cestus":61,"minecraft:cooked_salmon":1,"minecraft:cooked_chicken":1,"minecraft:dirt":2,"minecraft:mutton":2,"minecraft:carrot":9,"minecraft:wooden_axe":41,"minecraft:bow":6,"minecraft:oak_sapling":2,"minecraft:furnace":2,"tombstone:gift":3,"minecraft:egg":1,"minecraft:cooked_beef":4,"minecraft:light_gray_bed":1,"minecraft:cooked_mutton":1,"minecraft:oak_planks":15,"minecraft:stone_pickaxe":22,"minecraft:salmon":1,"spartanweaponry:wooden_tomahawk":21,"minecraft:crafting_table":4,"minecraft:crossbow":6,"minecraft:apple":3,"minecraft:chicken":3,"minecraft:bread":1,"minecraft:soul_lantern":1,"minecraft:wooden_sword":38,"minecraft:cooked_porkchop":1,"alexsmobs:animal_dictionary":1},"minecraft:mined":{"minecraft:oak_sapling":1,"biomemakeover:wild_mushrooms":9,"farmersdelight:wild_carrots":8,"minecraft:dark_oak_fence":2,"minecraft:grass_block":2,"minecraft:light_gray_bed":1,"minecraft:stone":21,"minecraft:brown_mushroom":4,"minecraft:soul_lantern":1,"minecraft:crafting_table":1,"minecraft:rose_bush":15,"minecraft:oak_planks":11,"minecraft:light_gray_wool":10,"minecraft:grass":6,"minecraft:oak_log":29,"minecraft:zombie_head":1,"minecraft:oak_leaves":5},"minecraft:custom":{"lootr:looted_stat":1,"minecraft:mob_kills":41,"minecraft:interact_with_crafting_table":14,"minecraft:interact_with_campfire":1,"minecraft:damage_dealt_resisted":12,"minecraft:leave_game":3,"minecraft:time_since_death":10036,"minecraft:climb_one_cm":2018,"minecraft:sprint_one_cm":427098,"minecraft:walk_one_cm":492679,"minecraft:drop":194,"minecraft:talked_to_villager":2,"minecraft:play_time":101178,"minecraft:deaths":8,"minecraft:sneak_time":334,"minecraft:walk_under_water_one_cm":10129,"minecraft:jump":1094,"minecraft:walk_on_water_one_cm":26489,"minecraft:total_world_time":101178,"minecraft:interact_with_furnace":11,"tombstone:raider_killed":6,"minecraft:sleep_in_bed":1,"minecraft:time_since_rest":1552,"minecraft:damage_taken":3101,"minecraft:damage_dealt":5732,"minecraft:swim_one_cm":49831,"minecraft:fly_one_cm":191968,"minecraft:open_chest":17,"minecraft:crouch_one_cm":1593,"tombstone:undead_killed":15,"minecraft:fall_one_cm":29204},"minecraft:picked_up":{"irons_spellbooks:scroll":1,"minecraft:crafting_table":2,"minecraft:chainmail_boots":1,"minecraft:chicken":4,"minecraft:flower_pot":3,"minecraft:turtle_helmet":1,"minecraft:brown_mushroom":20,"minecraft:stone_brick_wall":2,"minecraft:stone_brick_stairs":1,"minecraft:cornflower":1,"minecraft:wooden_sword":2,"minecraft:item_frame":1,"minecraft:experience_bottle":1,"minecraft:zombie_head":1,"minecraft:spruce_planks":5,"minecraft:beef":7,"minecraft:rose_bush":14,"minecraft:light_gray_wool":20,"minecraft:spruce_slab":7,"minecraft:spruce_trapdoor":1,"minecraft:furnace":1,"minecraft:egg":1,"minecraft:stick":2,"apotheosis:gem":4,"minecraft:spruce_stairs":1,"minecraft:porkchop":11,"minecraft:white_dye":24,"tombstone:grave_dust":5,"minecraft:carrot":8,"minecraft:arrow":6,"minecraft:light_gray_bed":1,"minecraft:rotten_flesh":13,"minecraft:mutton":3,"minecraft:iron_bars":1,"minecraft:white_wool":4,"minecraft:cobblestone":38,"minecraft:feather":5,"spartanweaponry:handle":6,"minecraft:salmon":1,"minecraft:leather":3,"minecraft:red_mushroom":21,"minecraft:oak_log":29,"minecraft:cobblestone_wall":6,"minecraft:gunpowder":6,"minecraft:dirt":2,"tombstone:familiar_receptacle":1,"biomemakeover:crude_cladding":1,"minecraft:name_tag":1,"biomemakeover:crude_fragment":4,"minecraft:bone":3,"minecraft:stone_bricks":33,"minecraft:bow":1,"minecraft:oak_planks":20,"minecraft:book":6,"minecraft:cooked_porkchop":1,"minecraft:lily_of_the_valley":2,"minecraft:trapped_chest":1,"alexsmobs:animal_dictionary":2,"minecraft:bundle":1,"minecraft:soul_lantern":1,"knightquest:small_essence":3,"minecraft:emerald":4,"minecraft:oak_sapling":2,"minecraft:dark_oak_fence":2},"minecraft:killed":{"minecraft:vindicator":1,"enemyexpansion:direwolf":2,"minecraft:skeleton":2,"minecraft:chicken":4,"enemyexpansion:goblin":1,"minecraft:pig":5,"minecraft:zombie_villager":1,"minecraft:salmon":1,"minecraft:creeper":1,"minecraft:sheep":3,"minecraft:pillager":5,"minecraft:zombie":12,"minecraft:cow":3}},"DataVersion":3465}