{"stats":{"minecraft:killed_by":{"minecraft:pillager":1,"enemyexpansion:meature":1,"realmrpg_creep:halloweed":1,"minecraft:vindicator":2,"minecraft:zombie":3},"minecraft:crafted":{"minecraft:oak_planks":130,"quark:birch_chest":6,"born_in_chaos_v1:dark_charge":8,"minecraft:cooked_chicken":1,"spartanshields:wooden_tower_shield":1,"minecraft:cooked_mutton":1,"spartanweaponry:stone_warhammer":1,"minecraft:golden_axe":1,"minecraft:cooked_porkchop":15,"minecraft:crafting_table":7,"minecraft:smithing_table":1,"minecraft:red_wool":7,"minecraft:birch_planks":108,"minecraft:light_gray_bed":1,"minecraft:charcoal":13,"minecraft:stick":44,"quark:oak_chest":2,"minecraft:leather_chestplate":1,"minecraft:iron_ingot":65,"minecraft:wooden_sword":1,"spartanweaponry:cestus":1,"minecraft:furnace":3,"minecraft:bone_meal":9,"minecraft:leather":2,"biomemakeover:crude_cladding":2,"born_in_chaos_v1:fried_maggot":6,"minecraft:stone_pickaxe":1,"spartanweaponry:wooden_tomahawk":1,"minecraft:cooked_beef":4,"minecraft:red_dye":28,"minecraft:iron_sword":1,"minecraft:red_bed":1,"spartanweaponry:handle":4,"minecraft:cooked_salmon":1,"minecraft:air":0,"minecraft:white_dye":9,"minecraft:wooden_axe":1,"minecraft:iron_leggings":1,"minecraft:torch":144,"spartanweaponry:wooden_arrow":4},"minecraft:dropped":{"minecraft:brown_mushroom":10,"minecraft:porkchop":1,"minecraft:crafting_table":2,"spartanweaponry:stone_warhammer":1,"minecraft:item_frame":4,"minecraft:dark_oak_fence":2,"spartanshields:wooden_tower_shield":1,"minecraft:cornflower":1,"minecraft:wooden_sword":3,"minecraft:white_wool":2,"minecraft:bone":2,"alexsmobs:animal_dictionary":2,"minecraft:pointed_dripstone":1,"minecraft:rotten_flesh":24,"minecraft:oak_planks":10,"gnumus:gnumus_doubloons":11,"spartanweaponry:wooden_tomahawk":1,"minecraft:gunpowder":1,"spartanweaponry:iron_longsword":1,"minecraft:stone_brick_wall":3,"minecraft:spruce_slab":11,"minecraft:white_dye":33,"minecraft:iron_bars":4,"minecraft:stone_brick_stairs":7,"farmersdelight:tomato_seeds":2,"minecraft:wheat_seeds":6,"minecraft:dripstone_block":10,"minecraft:cobblestone":8,"minecraft:book":33,"minecraft:spruce_stairs":2,"biomemakeover:crude_cladding":1,"minecraft:wooden_axe":1,"minecraft:zombie_head":1,"minecraft:red_dye":21,"minecraft:string":1,"minecraft:trapped_chest":1,"spartanweaponry:cestus":1,"minecraft:cobblestone_wall":23,"minecraft:raw_copper":15,"minecraft:name_tag":1,"minecraft:lily_of_the_valley":4,"minecraft:flower_pot":7,"minecraft:spruce_planks":14,"minecraft:spruce_trapdoor":1,"minecraft:bundle":2,"minecraft:stone_bricks":49,"minecraft:stone_pickaxe":1,"minecraft:bow":1,"minecraft:raw_gold":3},"minecraft:used":{"minecraft:chest":1,"minecraft:iron_sword":216,"minecraft:mutton":2,"minecraft:carrot":13,"born_in_chaos_v1:corpse_maggot":1,"minecraft:birch_sapling":11,"minecraft:stone_bricks":6,"minecraft:item_frame":1,"minecraft:bow":42,"minecraft:furnace":5,"minecraft:oak_sapling":2,"minecraft:egg":1,"minecraft:diorite":14,"minecraft:stone_pickaxe":129,"minecraft:oak_planks":31,"minecraft:crossbow":6,"minecraft:dripstone_block":3,"gnumus:gnumus_chickpeas":2,"minecraft:bread":6,"tombstone:grave_key":2,"minecraft:soul_lantern":1,"minecraft:wooden_sword":38,"minecraft:smithing_table":1,"minecraft:andesite":3,"spartanweaponry:stone_warhammer":94,"minecraft:trident":64,"spartanweaponry:cestus":61,"quark:birch_chest":7,"minecraft:carved_pumpkin":1,"born_in_chaos_v1:black_argillite":5,"minecraft:cooked_salmon":1,"born_in_chaos_v1:fried_maggot":6,"minecraft:cooked_chicken":5,"minecraft:torch":112,"minecraft:dirt":37,"minecraft:wooden_axe":46,"minecraft:iron_axe":15,"minecraft:totem_of_undying":1,"tombstone:gift":5,"minecraft:cooked_beef":10,"minecraft:light_gray_bed":3,"minecraft:golden_axe":33,"minecraft:pointed_dripstone":1,"minecraft:cooked_mutton":6,"minecraft:birch_planks":1,"minecraft:polished_andesite":5,"minecraft:cracked_stone_bricks":1,"minecraft:salmon":1,"spartanweaponry:wooden_tomahawk":21,"minecraft:crafting_table":8,"minecraft:red_bed":2,"tombstone:bag_of_seeds":1,"minecraft:apple":17,"minecraft:chicken":3,"minecraft:iron_pickaxe":127,"tombstone:magic_scroll":1,"minecraft:cobblestone":38,"minecraft:cooked_porkchop":11,"quark:oak_chest":3,"alexsmobs:animal_dictionary":1},"minecraft:mined":{"minecraft:oak_sapling":1,"biomemakeover:wild_mushrooms":9,"minecraft:grass_block":3,"minecraft:light_gray_bed":2,"minecraft:iron_ore":65,"minecraft:fire":11,"minecraft:pointed_dripstone":1,"minecraft:brown_mushroom":4,"minecraft:red_bed":1,"minecraft:soul_lantern":1,"minecraft:torch":3,"minecraft:chest":1,"minecraft:cobblestone":2,"minecraft:oak_planks":12,"minecraft:wall_torch":1,"minecraft:birch_sapling":1,"minecraft:birch_log":40,"minecraft:light_gray_wool":10,"minecraft:grass":8,"quark:birch_chest":1,"minecraft:oak_log":29,"minecraft:oak_leaves":5,"realmrpg_skeletons:waterdrop_skeleton":1,"farmersdelight:wild_carrots":10,"minecraft:dark_oak_fence":6,"born_in_chaos_v1:black_argillite":5,"minecraft:redstone_ore":5,"minecraft:furnace":1,"minecraft:andesite":3,"gnumus:fragile_gnumus_jug":8,"minecraft:stone":72,"quark:oak_chest":1,"minecraft:crafting_table":1,"minecraft:rose_bush":15,"minecraft:tall_grass":1,"minecraft:diorite":14,"minecraft:birch_planks":1,"minecraft:birch_leaves":4,"minecraft:coal_ore":67,"minecraft:zombie_head":1,"minecraft:dripstone_block":3,"minecraft:cracked_stone_bricks":1,"minecraft:polished_andesite":5,"minecraft:stone_bricks":2,"pots_and_mimics:treasure_pot":8},"minecraft:custom":{"lootr:looted_stat":22,"minecraft:interact_with_crafting_table":33,"minecraft:open_barrel":3,"minecraft:leave_game":5,"minecraft:time_since_death":1844,"minecraft:damage_resisted":0,"minecraft:sprint_one_cm":737270,"minecraft:drop":312,"minecraft:talked_to_villager":2,"minecraft:play_time":210725,"minecraft:deaths":11,"minecraft:jump":2258,"minecraft:interact_with_brewingstand":1,"minecraft:walk_on_water_one_cm":40642,"minecraft:interact_with_furnace":27,"minecraft:sleep_in_bed":7,"minecraft:waystone_activated":1,"minecraft:damage_dealt":17191,"minecraft:crouch_one_cm":2266,"tombstone:undead_killed":26,"minecraft:interact_with_smithing_table":1,"minecraft:mob_kills":106,"minecraft:interact_with_campfire":15,"minecraft:damage_dealt_resisted":608,"minecraft:climb_one_cm":2174,"minecraft:walk_one_cm":1120323,"minecraft:sneak_time":483,"minecraft:walk_under_water_one_cm":17598,"minecraft:interact_with_lectern":1,"minecraft:total_world_time":210725,"tombstone:raider_killed":11,"minecraft:time_since_rest":1632,"minecraft:damage_taken":6948,"minecraft:swim_one_cm":66118,"minecraft:fly_one_cm":327860,"minecraft:open_chest":86,"minecraft:fall_one_cm":55385},"minecraft:picked_up":{"irons_spellbooks:scroll":1,"minecraft:iron_chestplate":1,"minecraft:chainmail_boots":1,"minecraft:flower_pot":7,"gnumus:gnumus_claw":6,"minecraft:enchanted_book":10,"minecraft:stone_brick_stairs":1,"born_in_chaos_v1:bloody_gadfly_eye":2,"born_in_chaos_v1:black_argillite":5,"minecraft:string":4,"minecraft:raw_copper":17,"minecraft:zombie_head":1,"minecraft:experience_bottle":1,"minecraft:spruce_planks":9,"gnumus:packaged_goods":2,"minecraft:rose_bush":14,"minecraft:furnace":2,"minecraft:stick":31,"apotheosis:gem":20,"minecraft:torch":4,"minecraft:spruce_stairs":1,"minecraft:porkchop":17,"tombstone:grave_dust":12,"minecraft:pointed_dripstone":2,"minecraft:diorite":14,"gnumus:grilled_juicy_meat":3,"minecraft:light_gray_bed":2,"minecraft:rotten_flesh":23,"minecraft:carved_pumpkin":5,"gnumus:gnumus_chickpeas":7,"farmersdelight:rope":21,"minecraft:obsidian":2,"minecraft:iron_bars":4,"minecraft:cobblestone":103,"minecraft:birch_log":40,"farmersdelight:rice":4,"gnumus:gnumus_doubloons":16,"minecraft:cooked_beef":7,"minecraft:feather":27,"spartanweaponry:handle":6,"minecraft:andesite":3,"gnumus:overripe_carrot":3,"spartanweaponry:iron_battleaxe":1,"tombstone:familiar_receptacle":2,"minecraft:dirt":37,"biomemakeover:crude_fragment":8,"gnumus:gnumus_pouch_2":2,"minecraft:name_tag":1,"biomemakeover:crude_cladding":4,"minecraft:bone":13,"minecraft:bow":3,"minecraft:wheat_seeds":12,"minecraft:raw_gold":5,"minecraft:pitcher_pod":5,"minecraft:oak_planks":21,"minecraft:cooked_porkchop":1,"minecraft:music_disc_13":1,"minecraft:lily_of_the_valley":4,"minecraft:trapped_chest":1,"alexsmobs:animal_dictionary":2,"minecraft:bundle":3,"minecraft:polished_andesite":5,"gnumus:gnumus_clay":25,"minecraft:soul_lantern":1,"knightquest:small_essence":10,"minecraft:emerald":22,"minecraft:bread":1,"minecraft:oak_sapling":2,"relics:space_dissector":1,"minecraft:dark_oak_fence":4,"minecraft:crafting_table":3,"minecraft:chicken":8,"minecraft:turtle_helmet":2,"minecraft:brown_mushroom":20,"minecraft:stone_brick_wall":2,"mowziesmobs:glowing_jelly":1,"minecraft:cornflower":1,"minecraft:red_bed":1,"minecraft:wooden_sword":2,"minecraft:item_frame":3,"minecraft:cracked_stone_bricks":1,"minecraft:beef":9,"minecraft:spruce_slab":11,"minecraft:light_gray_wool":20,"minecraft:chest":1,"minecraft:birch_sapling":11,"minecraft:spruce_trapdoor":1,"minecraft:egg":1,"minecraft:dark_oak_sapling":1,"minecraft:raw_iron":65,"gnumus:juicy_meat":2,"aquaculture:perch":4,"minecraft:white_dye":24,"farmersdelight:tomato_seeds":2,"quark:birch_chest":1,"born_in_chaos_v1:dark_charge":4,"minecraft:carrot":10,"minecraft:redstone":48,"minecraft:arrow":17,"minecraft:saddle":1,"minecraft:gold_ingot":20,"gnumus:mouse_skin":8,"minecraft:mutton":10,"minecraft:white_wool":7,"born_in_chaos_v1:fused_bone":4,"born_in_chaos_v1:corpse_maggot":7,"minecraft:salmon":1,"minecraft:leather":8,"minecraft:filled_map":2,"spartanweaponry:iron_longsword":1,"minecraft:red_mushroom":21,"realmrpg_creep:creeping_sprout":5,"gnumus:gnumus_pouch":2,"minecraft:birch_planks":65,"quark:smithing_template_rune":1,"minecraft:oak_log":33,"minecraft:gunpowder":32,"minecraft:cobblestone_wall":22,"minecraft:paper":2,"tombstone:gift":1,"irons_spellbooks:common_ink":4,"minecraft:cooked_mutton":5,"minecraft:apple":3,"minecraft:stone_bricks":43,"minecraft:iron_ingot":19,"minecraft:cooked_chicken":4,"tombstone:bag_of_seeds":1,"minecraft:book":19,"aquaculture:smallmouth_bass":1,"born_in_chaos_v1:ethereal_spirit":8,"minecraft:dripstone_block":13,"born_in_chaos_v1:dark_rod":3,"quark:oak_chest":1,"minecraft:leather_helmet":2,"minecraft:slime_ball":2,"monsterplus:crystal_shard":2,"tombstone:scroll_of_knowledge":1,"tombstone:magic_scroll":2,"minecraft:netherite_hoe":2,"minecraft:coal":112},"minecraft:broken":{"minecraft:golden_axe":1},"minecraft:killed":{"minecraft:witch":2,"born_in_chaos_v1:restless_spirit":1,"minecraft:spider":2,"aquaculture:smallmouth_bass":1,"born_in_chaos_v1:siamese_skeletonsright":1,"monsterplus:crystal_zombie":1,"minecraft:skeleton":3,"minecraft:chicken":8,"gnumus:pitcher_mousse":1,"aquaculture:perch":4,"minecraft:pig":9,"realmrpg_creep:creepling":2,"minecraft:zombie_villager":1,"minecraft:salmon":1,"minecraft:creeper":3,"minecraft:sheep":5,"mowziesmobs:lantern":1,"minecraft:pillager":7,"minecraft:zombie":16,"born_in_chaos_v1:corpse_fly":6,"born_in_chaos_v1:siamese_skeletonsleft":1,"enemyexpansion:wasp":2,"minecraft:cow":5,"realmrpg_creep:halloweed":3,"minecraft:vindicator":2,"enemyexpansion:direwolf":2,"born_in_chaos_v1:maggot":4,"gnumus:gnumus_worker":1,"enemyexpansion:goblin":1,"gnumus:gnumus_hunter_not_dispawn":2,"born_in_chaos_v1:baby_skeleton":1,"born_in_chaos_v1:swarmer":1,"born_in_chaos_v1:bloody_gadfly":1,"born_in_chaos_v1:dark_vortex":2,"enemyexpansion:slugger":1}},"DataVersion":3465}