{"stats":{"minecraft:killed_by":{"minecraft:pillager":1,"enemyexpansion:meature":1,"minecraft:vindicator":2,"minecraft:zombie":2},"minecraft:crafted":{"minecraft:wooden_sword":1,"minecraft:oak_planks":130,"minecraft:cooked_chicken":1,"spartanshields:wooden_tower_shield":1,"spartanweaponry:cestus":1,"minecraft:furnace":2,"minecraft:bone_meal":9,"minecraft:cooked_mutton":1,"minecraft:leather":2,"biomemakeover:crude_cladding":2,"spartanweaponry:stone_warhammer":1,"minecraft:stone_pickaxe":1,"spartanweaponry:wooden_tomahawk":1,"minecraft:cooked_beef":4,"minecraft:golden_axe":1,"minecraft:red_dye":28,"minecraft:cooked_porkchop":9,"minecraft:crafting_table":7,"minecraft:iron_sword":1,"minecraft:red_bed":1,"minecraft:smithing_table":1,"spartanweaponry:handle":4,"minecraft:red_wool":7,"minecraft:cooked_salmon":1,"minecraft:birch_planks":20,"minecraft:light_gray_bed":1,"minecraft:white_dye":9,"quark:oak_chest":2,"minecraft:stick":12,"minecraft:leather_chestplate":1,"minecraft:wooden_axe":1,"spartanweaponry:wooden_arrow":4},"minecraft:dropped":{"minecraft:brown_mushroom":10,"minecraft:porkchop":1,"minecraft:wheat_seeds":6,"minecraft:crafting_table":2,"minecraft:dripstone_block":3,"minecraft:cobblestone":8,"minecraft:book":33,"spartanweaponry:stone_warhammer":1,"minecraft:spruce_stairs":2,"minecraft:item_frame":4,"minecraft:dark_oak_fence":2,"spartanshields:wooden_tower_shield":1,"minecraft:cornflower":1,"biomemakeover:crude_cladding":1,"minecraft:wooden_axe":1,"minecraft:zombie_head":1,"minecraft:wooden_sword":3,"minecraft:red_dye":21,"minecraft:trapped_chest":1,"minecraft:white_wool":2,"minecraft:bone":2,"spartanweaponry:cestus":1,"minecraft:cobblestone_wall":23,"alexsmobs:animal_dictionary":2,"minecraft:raw_copper":2,"minecraft:rotten_flesh":14,"minecraft:oak_planks":10,"minecraft:name_tag":1,"minecraft:lily_of_the_valley":4,"gnumus:gnumus_doubloons":8,"spartanweaponry:wooden_tomahawk":1,"minecraft:flower_pot":7,"minecraft:bundle":1,"minecraft:spruce_trapdoor":1,"minecraft:spruce_planks":14,"minecraft:stone_brick_wall":3,"minecraft:stone_bricks":49,"minecraft:white_dye":33,"minecraft:spruce_slab":11,"minecraft:iron_bars":4,"minecraft:bow":1,"minecraft:raw_gold":1,"minecraft:stone_brick_stairs":7},"minecraft:used":{"spartanweaponry:stone_warhammer":94,"spartanweaponry:cestus":61,"minecraft:carved_pumpkin":1,"minecraft:chest":1,"minecraft:iron_sword":53,"minecraft:cooked_salmon":1,"minecraft:cooked_chicken":1,"minecraft:dirt":2,"minecraft:mutton":2,"minecraft:carrot":11,"minecraft:wooden_axe":46,"minecraft:stone_bricks":4,"minecraft:item_frame":1,"minecraft:bow":25,"minecraft:oak_sapling":2,"minecraft:furnace":3,"tombstone:gift":4,"minecraft:egg":1,"minecraft:cooked_beef":4,"minecraft:light_gray_bed":3,"minecraft:golden_axe":6,"minecraft:cooked_mutton":1,"minecraft:oak_planks":15,"minecraft:stone_pickaxe":24,"minecraft:salmon":1,"spartanweaponry:wooden_tomahawk":21,"minecraft:crafting_table":8,"minecraft:red_bed":2,"minecraft:crossbow":6,"minecraft:dripstone_block":3,"minecraft:apple":11,"minecraft:chicken":3,"gnumus:gnumus_chickpeas":2,"minecraft:bread":3,"minecraft:soul_lantern":1,"minecraft:wooden_sword":38,"minecraft:cooked_porkchop":10,"minecraft:smithing_table":1,"quark:oak_chest":2,"alexsmobs:animal_dictionary":1},"minecraft:mined":{"minecraft:oak_sapling":1,"biomemakeover:wild_mushrooms":9,"farmersdelight:wild_carrots":8,"minecraft:dark_oak_fence":6,"minecraft:grass_block":2,"minecraft:light_gray_bed":2,"gnumus:fragile_gnumus_jug":6,"minecraft:stone":21,"minecraft:brown_mushroom":4,"minecraft:red_bed":1,"minecraft:soul_lantern":1,"minecraft:crafting_table":1,"minecraft:chest":1,"minecraft:rose_bush":15,"minecraft:tall_grass":1,"minecraft:oak_planks":11,"minecraft:birch_log":5,"minecraft:birch_leaves":1,"minecraft:light_gray_wool":10,"minecraft:grass":8,"minecraft:oak_log":29,"minecraft:zombie_head":1,"minecraft:oak_leaves":5},"minecraft:custom":{"minecraft:interact_with_smithing_table":1,"lootr:looted_stat":9,"minecraft:mob_kills":61,"minecraft:interact_with_crafting_table":18,"minecraft:interact_with_campfire":15,"minecraft:damage_dealt_resisted":196,"minecraft:leave_game":4,"minecraft:time_since_death":45025,"minecraft:climb_one_cm":2018,"minecraft:sprint_one_cm":576542,"minecraft:walk_one_cm":691604,"minecraft:drop":270,"minecraft:talked_to_villager":2,"minecraft:play_time":136167,"minecraft:deaths":8,"minecraft:sneak_time":364,"minecraft:walk_under_water_one_cm":14219,"minecraft:jump":1398,"minecraft:walk_on_water_one_cm":33837,"minecraft:total_world_time":136167,"minecraft:interact_with_furnace":13,"tombstone:raider_killed":10,"minecraft:sleep_in_bed":5,"minecraft:waystone_activated":1,"minecraft:time_since_rest":1611,"minecraft:damage_taken":4237,"minecraft:damage_dealt":8310,"minecraft:swim_one_cm":56938,"minecraft:fly_one_cm":264747,"minecraft:open_chest":27,"minecraft:crouch_one_cm":1845,"tombstone:undead_killed":18,"minecraft:fall_one_cm":39137},"minecraft:picked_up":{"irons_spellbooks:scroll":1,"minecraft:crafting_table":3,"minecraft:chainmail_boots":1,"minecraft:chicken":8,"minecraft:brown_mushroom":20,"minecraft:flower_pot":7,"minecraft:turtle_helmet":1,"gnumus:gnumus_claw":3,"minecraft:stone_brick_wall":2,"mowziesmobs:glowing_jelly":1,"minecraft:enchanted_book":1,"minecraft:stone_brick_stairs":1,"minecraft:cornflower":1,"minecraft:red_bed":1,"minecraft:raw_copper":4,"minecraft:wooden_sword":2,"minecraft:item_frame":3,"minecraft:experience_bottle":1,"minecraft:zombie_head":1,"minecraft:spruce_planks":9,"minecraft:beef":7,"minecraft:rose_bush":14,"minecraft:light_gray_wool":20,"minecraft:spruce_slab":11,"minecraft:chest":1,"minecraft:spruce_trapdoor":1,"minecraft:furnace":1,"minecraft:egg":1,"minecraft:dark_oak_sapling":1,"minecraft:stick":2,"apotheosis:gem":8,"gnumus:juicy_meat":2,"minecraft:spruce_stairs":1,"minecraft:porkchop":11,"minecraft:white_dye":24,"tombstone:grave_dust":5,"minecraft:carrot":8,"minecraft:arrow":13,"minecraft:light_gray_bed":2,"minecraft:rotten_flesh":13,"minecraft:carved_pumpkin":1,"gnumus:gnumus_chickpeas":7,"minecraft:gold_ingot":7,"gnumus:mouse_skin":8,"minecraft:mutton":8,"minecraft:iron_bars":4,"minecraft:white_wool":6,"minecraft:cobblestone":41,"minecraft:birch_log":5,"gnumus:gnumus_doubloons":13,"minecraft:feather":27,"minecraft:cooked_beef":5,"spartanweaponry:handle":6,"minecraft:salmon":1,"gnumus:overripe_carrot":3,"minecraft:leather":7,"minecraft:red_mushroom":21,"gnumus:gnumus_pouch":2,"minecraft:oak_log":33,"minecraft:cobblestone_wall":22,"minecraft:gunpowder":6,"minecraft:dirt":2,"tombstone:familiar_receptacle":1,"tombstone:gift":1,"gnumus:gnumus_pouch_2":2,"minecraft:name_tag":1,"biomemakeover:crude_cladding":2,"biomemakeover:crude_fragment":8,"minecraft:cooked_mutton":5,"minecraft:bone":7,"minecraft:apple":2,"minecraft:stone_bricks":41,"minecraft:bow":2,"minecraft:wheat_seeds":12,"minecraft:raw_gold":1,"minecraft:iron_ingot":2,"minecraft:cooked_chicken":4,"minecraft:oak_planks":20,"minecraft:book":18,"minecraft:cooked_porkchop":1,"born_in_chaos_v1:ethereal_spirit":2,"minecraft:dripstone_block":6,"minecraft:lily_of_the_valley":4,"minecraft:trapped_chest":1,"alexsmobs:animal_dictionary":2,"minecraft:bundle":2,"gnumus:gnumus_clay":25,"minecraft:soul_lantern":1,"knightquest:small_essence":3,"minecraft:emerald":6,"minecraft:oak_sapling":2,"minecraft:dark_oak_fence":4},"minecraft:killed":{"minecraft:witch":1,"born_in_chaos_v1:restless_spirit":1,"realmrpg_creep:halloweed":1,"minecraft:vindicator":2,"enemyexpansion:direwolf":2,"minecraft:skeleton":3,"gnumus:gnumus_worker":1,"minecraft:chicken":8,"gnumus:pitcher_mousse":1,"enemyexpansion:goblin":1,"gnumus:gnumus_hunter_not_dispawn":2,"minecraft:pig":5,"realmrpg_creep:creepling":1,"minecraft:zombie_villager":1,"minecraft:salmon":1,"minecraft:creeper":1,"mowziesmobs:lantern":1,"minecraft:sheep":4,"minecraft:pillager":7,"minecraft:zombie":14,"minecraft:cow":3}},"DataVersion":3465}