{
  "farmersdelight:main/root": {
    "criteria": {
      "seeds": "2024-07-29 19:54:35 +0000"
    },
    "done": true
  },
  "majruszsdifficulty:game_stage_normal": {
    "criteria": {
      "is_triggered": "2024-07-29 19:54:35 +0000"
    },
    "done": true
  },
  "mowziesmobs:root": {
    "criteria": {
      "custom_test_name": "2024-07-29 19:54:36 +0000"
    },
    "done": true
  },
  "betterdungeons:root": {
    "criteria": {
      "always": "2024-07-29 19:54:36 +0000"
    },
    "done": true
  },
  "cataclysm:root": {
    "criteria": {
      "custom_test_name": "2024-07-29 19:54:36 +0000"
    },
    "done": true
  },
  "irons_spellbooks:grant_patchouli": {
    "criteria": {
      "tick": "2024-07-29 19:54:36 +0000"
    },
    "done": true
  },
  "minecraft:adventure/adventuring_time": {
    "criteria": {
      "minecraft:birch_forest": "2024-07-29 22:43:36 +0000",
      "minecraft:river": "2024-07-29 23:03:40 +0000",
      "minecraft:forest": "2024-07-29 19:54:38 +0000",
      "minecraft:meadow": "2024-07-30 00:09:07 +0000"
    },
    "done": false
  },
  "tombstone:adventure/root": {
    "criteria": {
      "auto": "2024-07-29 19:54:38 +0000"
    },
    "done": true
  },
  "paraglider:root": {
    "criteria": {
      "crafting_table": "2024-07-29 22:59:57 +0000"
    },
    "done": true
  },
  "aquamirae:adventure/root": {
    "criteria": {
      "crafting_table": "2024-07-29 22:59:57 +0000"
    },
    "done": true
  },
  "minecraft:story/root": {
    "criteria": {
      "crafting_table": "2024-07-29 22:59:57 +0000"
    },
    "done": true
  },
  "dungeonnowloading:story/root": {
    "criteria": {
      "obtain_crafting_table": "2024-07-29 22:59:57 +0000"
    },
    "done": true
  },
  "minecraft:adventure/root": {
    "criteria": {
      "killed_something": "2024-07-29 23:04:22 +0000"
    },
    "done": true
  },
  "minecraft:adventure/kill_all_mobs": {
    "criteria": {
      "minecraft:pillager": "2024-07-30 00:14:15 +0000",
      "minecraft:skeleton": "2024-07-29 23:05:48 +0000",
      "minecraft:creeper": "2024-07-29 23:24:15 +0000",
      "minecraft:zombie": "2024-07-29 23:04:22 +0000"
    },
    "done": false
  },
  "minecraft:adventure/kill_a_mob": {
    "criteria": {
      "minecraft:zombie": "2024-07-29 23:04:22 +0000"
    },
    "done": true
  },
  "knightquest:knightquest": {
    "criteria": {
      "requirement": "2024-07-29 23:04:23 +0000"
    },
    "done": true
  },
  "minecraft:story/deflect_arrow": {
    "criteria": {
      "deflected_projectile": "2024-07-29 23:05:37 +0000"
    },
    "done": true
  },
  "majruszsdifficulty:bleeding": {
    "criteria": {
      "bleeding_applied": "2024-07-29 23:05:48 +0000"
    },
    "done": true
  },
  "tombstone:adventure/first_grave": {
    "criteria": {
      "coded_trigger": "2024-07-29 23:05:54 +0000"
    },
    "done": true
  },
  "tombstone:recipes/from_grave_key": {
    "criteria": {
      "has_ingredient": "2024-07-29 23:05:56 +0000"
    },
    "done": true
  },
  "tombstone:adventure/cancel_ghostly_shape": {
    "criteria": {
      "coded_trigger": "2024-07-29 23:06:49 +0000"
    },
    "done": true
  },
  "tombstone:recipes/from_grave_dust": {
    "criteria": {
      "has_ingredient": "2024-07-29 23:07:13 +0000"
    },
    "done": true
  },
  "tombstone:adventure/chain_death": {
    "criteria": {
      "coded_trigger": "2024-07-29 23:08:18 +0000"
    },
    "done": true
  },
  "tombstone:adventure/first_knowledge": {
    "criteria": {
      "coded_trigger": "2024-07-29 23:08:18 +0000"
    },
    "done": true
  },
  "tombstone:adventure/choose_knowledge": {
    "criteria": {
      "coded_trigger": "2024-07-29 23:08:38 +0000"
    },
    "done": true
  },
  "minecraft:story/mine_stone": {
    "criteria": {
      "get_stone": "2024-07-29 23:10:57 +0000"
    },
    "done": true
  },
  "spartanweaponry:root": {
    "criteria": {
      "has_handle": "2024-07-29 23:11:45 +0000"
    },
    "done": true
  },
  "spartanweaponry:parrying_dagger": {
    "criteria": {
      "has_parrying_dagger": "2024-07-29 23:13:21 +0000"
    },
    "done": true
  },
  "spartanweaponry:saber": {
    "criteria": {
      "has_saber": "2024-07-29 23:13:31 +0000"
    },
    "done": true
  },
  "minecraft:story/upgrade_tools": {
    "criteria": {
      "stone_pickaxe": "2024-07-29 23:14:29 +0000"
    },
    "done": true
  },
  "minecraft:husbandry/balanced_diet": {
    "criteria": {
      "cooked_mutton": "2024-07-29 23:19:45 +0000",
      "bread": "2024-07-30 00:15:12 +0000",
      "cooked_salmon": "2024-07-29 23:24:05 +0000"
    },
    "done": false
  },
  "minecraft:husbandry/root": {
    "criteria": {
      "consumed_item": "2024-07-29 23:19:45 +0000"
    },
    "done": true
  },
  "spartanweaponry:tomahawk": {
    "criteria": {
      "has_tomahawk": "2024-07-29 23:24:15 +0000"
    },
    "done": true
  },
  "tombstone:adventure/find_grave_dust": {
    "criteria": {
      "from_undead": "2024-07-29 23:26:06 +0000"
    },
    "done": true
  },
  "minecraft:husbandry/tame_an_animal": {
    "criteria": {
      "tamed_animal": "2024-07-29 23:26:48 +0000"
    },
    "done": true
  },
  "goblins_tyranny:goblins_encounter_success": {
    "criteria": {
      "goblins_encounter_success_0": "2024-07-29 23:29:01 +0000"
    },
    "done": true
  },
  "tombstone:adventure/enchant_grave_key": {
    "criteria": {
      "has_upgraded_grave_key": "2024-07-29 23:31:06 +0000"
    },
    "done": true
  },
  "tombstone:adventure/teleport_to_grave": {
    "criteria": {
      "coded_trigger": "2024-07-29 23:31:20 +0000"
    },
    "done": true
  },
  "alexsmobs:alexsmobs/root": {
    "criteria": {
      "useitem": "2024-07-29 23:39:37 +0000"
    },
    "done": true
  },
  "spartanweaponry:battleaxe": {
    "criteria": {
      "has_battleaxe": "2024-07-30 00:05:33 +0000"
    },
    "done": true
  },
  "nova_structures:adventure/find_all_illager_structures": {
    "criteria": {
      "illager_camp": "2024-07-30 00:13:35 +0000"
    },
    "done": false
  },
  "tombstone:adventure/ambush": {
    "criteria": {
      "coded_trigger": "2024-07-30 00:14:15 +0000"
    },
    "done": true
  },
  "DataVersion": 3465
}