{
  "farmersdelight:main/root": {
    "criteria": {
      "seeds": "2024-07-29 19:54:35 +0000"
    },
    "done": true
  },
  "majruszsdifficulty:game_stage_normal": {
    "criteria": {
      "is_triggered": "2024-07-29 19:54:35 +0000"
    },
    "done": true
  },
  "mowziesmobs:root": {
    "criteria": {
      "custom_test_name": "2024-07-29 19:54:36 +0000"
    },
    "done": true
  },
  "betterdungeons:root": {
    "criteria": {
      "always": "2024-07-29 19:54:36 +0000"
    },
    "done": true
  },
  "cataclysm:root": {
    "criteria": {
      "custom_test_name": "2024-07-29 19:54:36 +0000"
    },
    "done": true
  },
  "irons_spellbooks:grant_patchouli": {
    "criteria": {
      "tick": "2024-07-29 19:54:36 +0000"
    },
    "done": true
  },
  "minecraft:adventure/adventuring_time": {
    "criteria": {
      "minecraft:birch_forest": "2024-07-29 22:43:36 +0000",
      "minecraft:wooded_badlands": "2024-07-30 06:50:28 +0000",
      "minecraft:beach": "2024-07-30 05:10:46 +0000",
      "minecraft:dark_forest": "2024-07-30 04:42:25 +0000",
      "minecraft:sparse_jungle": "2024-07-30 06:47:40 +0000",
      "minecraft:river": "2024-07-29 23:03:40 +0000",
      "minecraft:lukewarm_ocean": "2024-07-30 06:38:57 +0000",
      "minecraft:dripstone_caves": "2024-07-30 04:44:51 +0000",
      "minecraft:forest": "2024-07-29 19:54:38 +0000",
      "minecraft:lush_caves": "2024-07-30 21:11:51 +0000",
      "minecraft:desert": "2024-07-30 06:50:27 +0000",
      "minecraft:ocean": "2024-07-30 06:25:27 +0000",
      "minecraft:jungle": "2024-07-30 06:49:54 +0000",
      "minecraft:warm_ocean": "2024-07-30 21:23:07 +0000",
      "minecraft:old_growth_birch_forest": "2024-07-30 04:21:56 +0000",
      "minecraft:meadow": "2024-07-30 00:09:07 +0000",
      "minecraft:savanna": "2024-07-30 06:39:15 +0000",
      "minecraft:plains": "2024-07-30 05:10:40 +0000"
    },
    "done": false
  },
  "tombstone:adventure/root": {
    "criteria": {
      "auto": "2024-07-29 19:54:38 +0000"
    },
    "done": true
  },
  "paraglider:root": {
    "criteria": {
      "crafting_table": "2024-07-29 22:59:57 +0000"
    },
    "done": true
  },
  "aquamirae:adventure/root": {
    "criteria": {
      "crafting_table": "2024-07-29 22:59:57 +0000"
    },
    "done": true
  },
  "minecraft:story/root": {
    "criteria": {
      "crafting_table": "2024-07-29 22:59:57 +0000"
    },
    "done": true
  },
  "dungeonnowloading:story/root": {
    "criteria": {
      "obtain_crafting_table": "2024-07-29 22:59:57 +0000"
    },
    "done": true
  },
  "minecraft:adventure/root": {
    "criteria": {
      "killed_something": "2024-07-29 23:04:22 +0000"
    },
    "done": true
  },
  "minecraft:adventure/kill_all_mobs": {
    "criteria": {
      "minecraft:pillager": "2024-07-30 00:14:15 +0000",
      "minecraft:skeleton": "2024-07-29 23:05:48 +0000",
      "minecraft:vindicator": "2024-07-30 04:48:11 +0000",
      "minecraft:spider": "2024-07-30 04:23:41 +0000",
      "minecraft:creeper": "2024-07-29 23:24:15 +0000",
      "minecraft:evoker": "2024-07-30 04:43:19 +0000",
      "minecraft:phantom": "2024-07-30 21:47:31 +0000",
      "minecraft:cave_spider": "2024-07-30 04:48:59 +0000",
      "minecraft:silverfish": "2024-07-30 06:44:39 +0000",
      "minecraft:enderman": "2024-07-30 21:38:32 +0000",
      "minecraft:vex": "2024-07-30 04:43:18 +0000",
      "minecraft:zombie": "2024-07-29 23:04:22 +0000",
      "minecraft:zombie_villager": "2024-07-30 23:41:35 +0000"
    },
    "done": false
  },
  "minecraft:adventure/kill_a_mob": {
    "criteria": {
      "minecraft:zombie": "2024-07-29 23:04:22 +0000"
    },
    "done": true
  },
  "knightquest:knightquest": {
    "criteria": {
      "requirement": "2024-07-29 23:04:23 +0000"
    },
    "done": true
  },
  "minecraft:story/deflect_arrow": {
    "criteria": {
      "deflected_projectile": "2024-07-29 23:05:37 +0000"
    },
    "done": true
  },
  "majruszsdifficulty:bleeding": {
    "criteria": {
      "bleeding_applied": "2024-07-29 23:05:48 +0000"
    },
    "done": true
  },
  "tombstone:adventure/first_grave": {
    "criteria": {
      "coded_trigger": "2024-07-29 23:05:54 +0000"
    },
    "done": true
  },
  "tombstone:recipes/from_grave_key": {
    "criteria": {
      "has_ingredient": "2024-07-29 23:05:56 +0000"
    },
    "done": true
  },
  "tombstone:adventure/cancel_ghostly_shape": {
    "criteria": {
      "coded_trigger": "2024-07-29 23:06:49 +0000"
    },
    "done": true
  },
  "tombstone:recipes/from_grave_dust": {
    "criteria": {
      "has_ingredient": "2024-07-29 23:07:13 +0000"
    },
    "done": true
  },
  "tombstone:adventure/chain_death": {
    "criteria": {
      "coded_trigger": "2024-07-29 23:08:18 +0000"
    },
    "done": true
  },
  "tombstone:adventure/first_knowledge": {
    "criteria": {
      "coded_trigger": "2024-07-29 23:08:18 +0000"
    },
    "done": true
  },
  "tombstone:adventure/choose_knowledge": {
    "criteria": {
      "coded_trigger": "2024-07-29 23:08:38 +0000"
    },
    "done": true
  },
  "minecraft:story/mine_stone": {
    "criteria": {
      "get_stone": "2024-07-29 23:10:57 +0000"
    },
    "done": true
  },
  "spartanweaponry:root": {
    "criteria": {
      "has_handle": "2024-07-29 23:11:45 +0000"
    },
    "done": true
  },
  "spartanweaponry:parrying_dagger": {
    "criteria": {
      "has_parrying_dagger": "2024-07-29 23:13:21 +0000"
    },
    "done": true
  },
  "spartanweaponry:saber": {
    "criteria": {
      "has_saber": "2024-07-29 23:13:31 +0000"
    },
    "done": true
  },
  "minecraft:story/upgrade_tools": {
    "criteria": {
      "stone_pickaxe": "2024-07-29 23:14:29 +0000"
    },
    "done": true
  },
  "minecraft:husbandry/balanced_diet": {
    "criteria": {
      "cooked_porkchop": "2024-07-30 06:32:39 +0000",
      "cooked_mutton": "2024-07-29 23:19:45 +0000",
      "cooked_beef": "2024-07-30 05:07:46 +0000",
      "bread": "2024-07-30 00:15:12 +0000",
      "cooked_salmon": "2024-07-29 23:24:05 +0000",
      "carrot": "2024-07-30 23:45:16 +0000"
    },
    "done": false
  },
  "minecraft:husbandry/root": {
    "criteria": {
      "consumed_item": "2024-07-29 23:19:45 +0000"
    },
    "done": true
  },
  "spartanweaponry:tomahawk": {
    "criteria": {
      "has_tomahawk": "2024-07-29 23:24:15 +0000"
    },
    "done": true
  },
  "tombstone:adventure/find_grave_dust": {
    "criteria": {
      "from_undead": "2024-07-29 23:26:06 +0000"
    },
    "done": true
  },
  "minecraft:husbandry/tame_an_animal": {
    "criteria": {
      "tamed_animal": "2024-07-29 23:26:48 +0000"
    },
    "done": true
  },
  "goblins_tyranny:goblins_encounter_success": {
    "criteria": {
      "goblins_encounter_success_0": "2024-07-29 23:29:01 +0000"
    },
    "done": true
  },
  "tombstone:adventure/enchant_grave_key": {
    "criteria": {
      "has_upgraded_grave_key": "2024-07-29 23:31:06 +0000"
    },
    "done": true
  },
  "tombstone:adventure/teleport_to_grave": {
    "criteria": {
      "coded_trigger": "2024-07-29 23:31:20 +0000"
    },
    "done": true
  },
  "alexsmobs:alexsmobs/root": {
    "criteria": {
      "useitem": "2024-07-29 23:39:37 +0000"
    },
    "done": true
  },
  "spartanweaponry:battleaxe": {
    "criteria": {
      "has_battleaxe": "2024-07-30 00:05:33 +0000"
    },
    "done": true
  },
  "nova_structures:adventure/find_all_illager_structures": {
    "criteria": {
      "illager_camp": "2024-07-30 00:13:35 +0000"
    },
    "done": false
  },
  "tombstone:adventure/ambush": {
    "criteria": {
      "coded_trigger": "2024-07-30 00:14:15 +0000"
    },
    "done": true
  },
  "tombstone:adventure/ashes_and_bones": {
    "criteria": {
      "coded_trigger": "2024-07-30 01:25:01 +0000"
    },
    "done": true
  },
  "paraglider:paraglider": {
    "criteria": {
      "paraglider": "2024-07-30 02:27:49 +0000"
    },
    "done": true
  },
  "farmersdelight:main/get_fd_seed": {
    "criteria": {
      "onion": "2024-07-30 02:34:12 +0000"
    },
    "done": true
  },
  "apotheosis:affix/gem": {
    "criteria": {
      "gem": "2024-07-30 02:41:01 +0000"
    },
    "done": true
  },
  "majruszsdifficulty:bleeding_inflicted": {
    "criteria": {
      "bleeding_applied": "2024-07-30 04:37:18 +0000"
    },
    "done": true
  },
  "minecraft:story/iron_tools": {
    "criteria": {
      "iron_pickaxe": "2024-07-30 04:38:40 +0000"
    },
    "done": true
  },
  "minecraft:story/obtain_armor": {
    "criteria": {
      "iron_helmet": "2024-07-30 04:38:48 +0000"
    },
    "done": true
  },
  "apotheosis:affix/rare": {
    "criteria": {
      "sword": "2024-07-30 04:38:48 +0000"
    },
    "done": true
  },
  "apotheosis:affix/root": {
    "criteria": {
      "sword": "2024-07-30 04:38:48 +0000"
    },
    "done": true
  },
  "apotheosis:affix/chests": {
    "criteria": {
      "sword": "2024-07-30 04:38:48 +0000"
    },
    "done": true
  },
  "spartanweaponry:battle_hammer": {
    "criteria": {
      "has_battle_hammer": "2024-07-30 04:40:16 +0000"
    },
    "done": true
  },
  "biomemakeover:biomemakeover/root": {
    "criteria": {
      "enter_dark_forest": "2024-07-30 04:42:25 +0000"
    },
    "done": true
  },
  "biomemakeover:biomemakeover/enter_dark_forest": {
    "criteria": {
      "enter_dark_forest": "2024-07-30 04:42:25 +0000"
    },
    "done": true
  },
  "biomemakeover:biomemakeover/mansion": {
    "criteria": {
      "ghost_town": "2024-07-30 04:42:41 +0000"
    },
    "done": true
  },
  "minecraft:story/smelt_iron": {
    "criteria": {
      "iron": "2024-07-30 04:44:07 +0000"
    },
    "done": true
  },
  "tombstone:adventure/create_magic_scroll": {
    "criteria": {
      "has_magic_scroll": "2024-07-30 04:59:57 +0000"
    },
    "done": true
  },
  "minecraft:story/shiny_gear": {
    "criteria": {
      "diamond_boots": "2024-07-30 05:12:43 +0000"
    },
    "done": true
  },
  "irons_spellbooks:irons_spellbooks/spell_book_iron": {
    "criteria": {
      "requirement": "2024-07-30 05:18:38 +0000"
    },
    "done": true
  },
  "irons_spellbooks:irons_spellbooks/spell_book_equip": {
    "criteria": {
      "requirement": "2024-07-30 05:18:40 +0000"
    },
    "done": true
  },
  "irons_spellbooks:irons_spellbooks/root": {
    "criteria": {
      "inscription_table": "2024-07-30 05:19:17 +0000"
    },
    "done": true
  },
  "irons_spellbooks:make_inscription_table": {
    "criteria": {
      "inscription_table": "2024-07-30 05:19:17 +0000"
    },
    "done": true
  },
  "irons_spellbooks:irons_spellbooks/make_inscription_table": {
    "criteria": {
      "inscription_table": "2024-07-30 05:19:17 +0000"
    },
    "done": true
  },
  "apotheosis:affix/random": {
    "criteria": {
      "sword": "2024-07-30 05:37:03 +0000"
    },
    "done": true
  },
  "enemyexpansion:hunted": {
    "criteria": {
      "hunted_0": "2024-07-30 05:54:39 +0000"
    },
    "done": true
  },
  "minecraft:adventure/shoot_arrow": {
    "criteria": {
      "shot_arrow": "2024-07-30 05:57:05 +0000"
    },
    "done": true
  },
  "biomemakeover:biomemakeover/illunite_shard": {
    "criteria": {
      "get_stew": "2024-07-30 05:58:50 +0000"
    },
    "done": true
  },
  "tombstone:adventure/fortuitous_militia": {
    "criteria": {
      "coded_trigger": "2024-07-30 05:59:23 +0000"
    },
    "done": true
  },
  "tombstone:adventure/create_magic_tablet": {
    "criteria": {
      "has_magic_tablet": "2024-07-30 06:01:19 +0000"
    },
    "done": true
  },
  "minecraft:adventure/throw_trident": {
    "criteria": {
      "shot_trident": "2024-07-30 06:02:18 +0000"
    },
    "done": true
  },
  "minecraft:adventure/ol_betsy": {
    "criteria": {
      "shot_crossbow": "2024-07-30 06:09:00 +0000"
    },
    "done": true
  },
  "tombstone:adventure/bone_crusher": {
    "criteria": {
      "coded_trigger": "2024-07-30 06:21:13 +0000"
    },
    "done": true
  },
  "goblins_tyranny:goblins_slayer_success": {
    "criteria": {
      "goblins_slayer_success_0": "2024-07-30 06:45:35 +0000"
    },
    "done": true
  },
  "biomemakeover:biomemakeover/enter_badlands": {
    "criteria": {
      "enter_badlands3": "2024-07-30 06:50:28 +0000"
    },
    "done": true
  },
  "travelersbackpack:standard_from_custom": {
    "criteria": {
      "has_the_recipe": "2024-07-30 21:05:33 +0000"
    },
    "done": true
  },
  "lootr:root": {
    "criteria": {
      "always_true": "2024-07-30 21:05:33 +0000"
    },
    "done": true
  },
  "realmrpg_quests:root": {
    "criteria": {
      "root_0": "2024-07-30 21:05:33 +0000"
    },
    "done": true
  },
  "seadwellers:adv_root": {
    "criteria": {
      "adv_root": "2024-07-30 21:05:33 +0000"
    },
    "done": true
  },
  "born_in_chaos_v1:bornin_chaos": {
    "criteria": {
      "bornin_chaos_0": "2024-07-30 21:05:33 +0000"
    },
    "done": true
  },
  "born_in_chaos_v1:double_trouble": {
    "criteria": {
      "double_trouble_0": "2024-07-30 21:22:29 +0000"
    },
    "done": true
  },
  "lootr:1chest": {
    "criteria": {
      "opened_chest": "2024-07-30 21:23:21 +0000"
    },
    "done": true
  },
  "lootr:social": {
    "criteria": {
      "opened_chest": "2024-07-30 21:23:21 +0000"
    },
    "done": false
  },
  "apotheosis:affix/rare_gem": {
    "criteria": {
      "gem": "2024-07-30 21:25:50 +0000"
    },
    "done": true
  },
  "apotheosis:affix/boss": {
    "criteria": {
      "sword": "2024-07-30 21:35:54 +0000"
    },
    "done": true
  },
  "irons_spellbooks:irons_spellbooks/ink_root": {
    "criteria": {
      "requirement": "2024-07-30 21:39:23 +0000"
    },
    "done": true
  },
  "farmersdelight:main/get_ham": {
    "criteria": {
      "ham": "2024-07-30 21:40:27 +0000"
    },
    "done": true
  },
  "gnumus:fatty_demon": {
    "criteria": {
      "fatty_demon": "2024-07-30 22:52:21 +0000"
    },
    "done": true
  },
  "born_in_chaos_v1:pieceof_chaos": {
    "criteria": {
      "pieceof_chaos_0": "2024-07-30 22:54:35 +0000"
    },
    "done": true
  },
  "born_in_chaos_v1:dark_metallurgy": {
    "criteria": {
      "dark_metallurgy_0": "2024-07-30 22:54:35 +0000"
    },
    "done": true
  },
  "biomemakeover:biomemakeover/moth_scales": {
    "criteria": {
      "get_stew": "2024-07-30 22:56:01 +0000"
    },
    "done": true
  },
  "alexsmobs:alexsmobs/grizzly_bear": {
    "criteria": {
      "killed_by": "2024-07-30 23:44:11 +0000"
    },
    "done": true
  },
  "farmersdelight:main/plant_all_crops": {
    "criteria": {
      "sugar_cane": "2024-07-30 23:47:42 +0000"
    },
    "done": false
  },
  "spartanweaponry:collect_heads": {
    "criteria": {
      "skeleton_skull": "2024-07-30 23:51:25 +0000"
    },
    "done": false
  },
  "realmrpg_creep:obtain_creeping_sprout": {
    "criteria": {
      "obtain_creeping_sprout": "2024-07-30 23:52:37 +0000"
    },
    "done": true
  },
  "DataVersion": 3465
}